booking_id,property_id,check_in,check_out,num_guests,room_rate,currency,revenue,booking_channel,booking_status,created_at,updated_at,_source_file,_source_batch,_source_row,rate_to_zar,fx_effective_from,revenue_zar,property_name,country,region,room_count,property_status,reject_reason,is_reportable_revenue,reporting_revenue_zar
B1001,P003,2025-07-22,2025-07-23,1.0,12000,USD,12000.0,direct,confirmed,2025-06-01 00:00:00,2025-06-01 00:00:00,bookings_batch1_2025-09-01.csv,1,1,18.5,2025-01-01,222000.0,Serengeti Plains Camp,Tanzania,Serengeti,12.0,active,,True,222000.0
B1002,P002,2025-05-04,2025-05-06,5.0,5500,USD,11000.0,ota,confirmed,2025-02-16 00:00:00,2025-02-16 00:00:00,bookings_batch1_2025-09-01.csv,1,2,18.5,2025-01-01,203500.0,Table Bay Retreat,South Africa,Western Cape,42.0,active,,True,203500.0
B1003,P001,2025-04-24,2025-04-25,5.0,12000,EUR,12000.0,ota,confirmed,2025-03-13 00:00:00,2025-03-13 00:00:00,bookings_batch1_2025-09-01.csv,1,3,20.1,2025-01-01,241200.00000000003,Sabi Sands Bush Lodge,South Africa,Mpumalanga,18.0,active,,True,241200.00000000003
B1004,P003,2025-02-22,2025-03-04,5.0,9200,EUR,92000.0,direct,pending,2025-01-01 00:00:00,2025-01-01 00:00:00,bookings_batch1_2025-09-01.csv,1,4,20.1,2025-01-01,1849200.0000000002,Serengeti Plains Camp,Tanzania,Serengeti,12.0,active,,False,0.0
B1005,P007,2025-06-10,2025-06-18,5.0,5500,GBP,44000.0,ota,pending,2025-04-28 00:00:00,2025-04-28 00:00:00,bookings_batch1_2025-09-01.csv,1,5,23.4,2025-01-01,1029599.9999999999,Namib Desert Camp,Namibia,Erongo,10.0,active,,False,0.0
B1006,P009,2025-09-11,2025-09-17,6.0,5500,GBP,33000.0,direct,confirmed,2025-06-21 00:00:00,2025-06-21 00:00:00,bookings_batch1_2025-09-01.csv,1,6,23.4,2025-01-01,772200.0,Cape Winelands Manor,South Africa,Western Cape,15.0,renovation,,True,772200.0
B1007,P008,2025-08-04,2025-08-05,6.0,2500,GBP,2500.0,website,confirmed,2025-06-17 00:00:00,2025-06-17 00:00:00,bookings_batch2_2025-09-02.csv,2,37,23.4,2025-01-01,58500.0,Kruger Gateway Hotel,South Africa,Mpumalanga,60.0,active,,True,58500.0
B1008,P005,2025-08-31,2025-09-02,1.0,9200,GBP,18400.0,website,confirmed,2025-06-05 00:00:00,2025-06-05 00:00:00,bookings_batch1_2025-09-01.csv,1,8,23.4,2025-01-01,430560.0,Zanzibar Beach Villas,Tanzania,Zanzibar,24.0,active,,True,430560.0
B1009,P001,2025-08-25,2025-08-31,2.0,7800,USD,46800.0,ota,cancelled,2025-06-18 00:00:00,2025-07-06 00:00:00,bookings_batch2_2025-09-02.csv,2,27,18.5,2025-01-01,865800.0,Sabi Sands Bush Lodge,South Africa,Mpumalanga,18.0,active,,False,0.0
B1010,P007,2025-09-12,2025-09-14,2.0,5500,ZAR,11000.0,ota,confirmed,2025-06-29 00:00:00,2025-06-29 00:00:00,bookings_batch1_2025-09-01.csv,1,10,1.0,2024-01-01,11000.0,Namib Desert Camp,Namibia,Erongo,10.0,active,,True,11000.0
B1011,P006,2025-07-14,2025-07-18,2.0,2500,EUR,10000.0,ota,confirmed,2025-06-20 00:00:00,2025-06-20 00:00:00,bookings_batch1_2025-09-01.csv,1,256,20.1,2025-01-01,201000.0,Victoria Falls Lodge,Zimbabwe,Matabeleland,30.0,active,,True,201000.0
B1012,P005,2025-05-25,2025-05-26,2.0,5500,GBP,5500.0,travel_agent,confirmed,2025-03-03 00:00:00,2025-03-03 00:00:00,bookings_batch1_2025-09-01.csv,1,12,23.4,2025-01-01,128699.99999999999,Zanzibar Beach Villas,Tanzania,Zanzibar,24.0,active,,True,128699.99999999999
B1013,P001,2025-08-22,2025-08-31,4.0,5500,ZAR,49500.0,website,cancelled,2025-06-28 00:00:00,2025-06-28 00:00:00,bookings_batch1_2025-09-01.csv,1,13,1.0,2024-01-01,49500.0,Sabi Sands Bush Lodge,South Africa,Mpumalanga,18.0,active,,False,0.0
B1014,P004,2025-08-14,2025-08-17,1.0,4100,USD,12300.0,ota,confirmed,2025-07-27 00:00:00,2025-07-27 00:00:00,bookings_batch1_2025-09-01.csv,1,14,19.0,2025-07-01,233700.0,Okavango Delta Camp,Botswana,North-West,9.0,active,,True,233700.0
B1015,P001,2025-02-06,2025-02-10,5.0,5500,EUR,22000.0,travel_agent,cancelled,2024-11-12 00:00:00,2024-11-12 00:00:00,bookings_batch1_2025-09-01.csv,1,15,19.5,2024-01-01,429000.0,Sabi Sands Bush Lodge,South Africa,Mpumalanga,18.0,active,,False,0.0
B1016,P008,2025-08-27,2025-09-04,4.0,4100,USD,32800.0,travel_agent,confirmed,2025-08-04 00:00:00,2025-08-04 00:00:00,bookings_batch1_2025-09-01.csv,1,16,19.0,2025-07-01,623200.0,Kruger Gateway Hotel,South Africa,Mpumalanga,60.0,active,,True,623200.0
B1017,P009,2025-01-12,2025-01-16,5.0,4100,EUR,16400.0,travel_agent,confirmed,2024-10-30 00:00:00,2024-10-30 00:00:00,bookings_batch1_2025-09-01.csv,1,17,19.5,2024-01-01,319800.0,Cape Winelands Manor,South Africa,Western Cape,15.0,renovation,,True,319800.0
B1018,P009,2025-07-07,2025-07-10,3.0,12000,EUR,36000.0,travel_agent,confirmed,2025-04-25 00:00:00,2025-04-25 00:00:00,bookings_batch1_2025-09-01.csv,1,18,20.1,2025-01-01,723600.0,Cape Winelands Manor,South Africa,Western Cape,15.0,renovation,,True,723600.0
B1019,P004,2025-07-25,2025-07-29,2.0,7800,ZAR,31200.0,direct,confirmed,2025-06-05 00:00:00,2025-06-05 00:00:00,bookings_batch1_2025-09-01.csv,1,19,1.0,2024-01-01,31200.0,Okavango Delta Camp,Botswana,North-West,9.0,active,,True,31200.0
B1020,P006,2025-08-17,2025-08-23,3.0,2500,EUR,15000.0,website,cancelled,2025-07-30 00:00:00,2025-07-30 00:00:00,bookings_batch1_2025-09-01.csv,1,20,20.8,2025-07-01,312000.0,Victoria Falls Lodge,Zimbabwe,Matabeleland,30.0,active,,False,0.0
B1022,P007,2025-06-20,2025-06-22,6.0,5500,ZAR,11000.0,ota,confirmed,2025-04-25 00:00:00,2025-04-25 00:00:00,bookings_batch1_2025-09-01.csv,1,22,1.0,2024-01-01,11000.0,Namib Desert Camp,Namibia,Erongo,10.0,active,,True,11000.0
B1023,P008,2025-03-16,2025-03-26,5.0,5500,GBP,55000.0,ota,cancelled,2025-02-20 00:00:00,2025-02-20 00:00:00,bookings_batch1_2025-09-01.csv,1,23,23.4,2025-01-01,1287000.0,Kruger Gateway Hotel,South Africa,Mpumalanga,60.0,active,,False,0.0
B1024,P009,2025-03-13,2025-03-20,2.0,12000,EUR,84000.0,ota,confirmed,2025-03-05 00:00:00,2025-03-05 00:00:00,bookings_batch1_2025-09-01.csv,1,24,20.1,2025-01-01,1688400.0000000002,Cape Winelands Manor,South Africa,Western Cape,15.0,renovation,,True,1688400.0000000002
B1025,P006,2025-05-13,2025-05-22,4.0,12000,EUR,108000.0,website,cancelled,2025-05-01 00:00:00,2025-05-01 00:00:00,bookings_batch1_2025-09-01.csv,1,25,20.1,2025-01-01,2170800.0,Victoria Falls Lodge,Zimbabwe,Matabeleland,30.0,active,,False,0.0
B1026,P007,2025-09-14,2025-09-17,5.0,3200,USD,9600.0,direct,pending,2025-07-15 00:00:00,2025-07-15 00:00:00,bookings_batch1_2025-09-01.csv,1,26,19.0,2025-07-01,182400.0,Namib Desert Camp,Namibia,Erongo,10.0,active,,False,0.0
B1027,P002,2025-10-12,2025-10-13,3.0,9200,ZAR,9200.0,direct,cancelled,2025-09-24 00:00:00,2025-09-24 00:00:00,bookings_batch1_2025-09-01.csv,1,27,1.0,2024-01-01,9200.0,Table Bay Retreat,South Africa,Western Cape,42.0,active,,False,0.0
B1028,P009,2025-08-20,2025-08-29,1.0,12000,USD,108000.0,ota,confirmed,2025-06-20 00:00:00,2025-06-20 00:00:00,bookings_batch2_2025-09-02.csv,2,38,18.5,2025-01-01,1998000.0,Cape Winelands Manor,South Africa,Western Cape,15.0,renovation,,True,1998000.0
B1029,P008,2025-09-17,2025-09-21,6.0,7800,GBP,31200.0,website,pending,2025-07-03 00:00:00,2025-07-03 00:00:00,bookings_batch1_2025-09-01.csv,1,29,24.1,2025-07-01,751920.0,Kruger Gateway Hotel,South Africa,Mpumalanga,60.0,active,,False,0.0
B1030,P006,2025-02-07,2025-02-11,4.0,2500,EUR,10000.0,direct,confirmed,2024-11-09 00:00:00,2024-11-09 00:00:00,bookings_batch1_2025-09-01.csv,1,30,19.5,2024-01-01,195000.0,Victoria Falls Lodge,Zimbabwe,Matabeleland,30.0,active,,True,195000.0
B1031,P003,2025-05-10,2025-05-13,4.0,3200,USD,9600.0,ota,confirmed,2025-03-16 00:00:00,2025-03-16 00:00:00,bookings_batch1_2025-09-01.csv,1,31,18.5,2025-01-01,177600.0,Serengeti Plains Camp,Tanzania,Serengeti,12.0,active,,True,177600.0
B1032,P009,2025-07-26,2025-08-01,4.0,3200,GBP,19200.0,travel_agent,confirmed,2025-06-11 00:00:00,2025-06-11 00:00:00,bookings_batch1_2025-09-01.csv,1,32,23.4,2025-01-01,449280.0,Cape Winelands Manor,South Africa,Western Cape,15.0,renovation,,True,449280.0
B1033,P001,2025-07-16,2025-07-22,5.0,7800,GBP,46800.0,direct,confirmed,2025-05-07 00:00:00,2025-05-07 00:00:00,bookings_batch1_2025-09-01.csv,1,33,23.4,2025-01-01,1095120.0,Sabi Sands Bush Lodge,South Africa,Mpumalanga,18.0,active,,True,1095120.0
B1034,P001,2025-04-03,2025-04-08,2.0,12000,ZAR,60000.0,ota,confirmed,2025-02-24 00:00:00,2025-02-24 00:00:00,bookings_batch1_2025-09-01.csv,1,34,1.0,2024-01-01,60000.0,Sabi Sands Bush Lodge,South Africa,Mpumalanga,18.0,active,,True,60000.0
B1035,P002,2025-05-23,2025-05-24,6.0,3200,ZAR,3200.0,direct,confirmed,2025-05-09 00:00:00,2025-05-09 00:00:00,bookings_batch1_2025-09-01.csv,1,35,1.0,2024-01-01,3200.0,Table Bay Retreat,South Africa,Western Cape,42.0,active,,True,3200.0
B1036,P002,2025-05-16,2025-05-18,4.0,2500,GBP,5000.0,travel_agent,confirmed,2025-03-02 00:00:00,2025-03-02 00:00:00,bookings_batch1_2025-09-01.csv,1,36,23.4,2025-01-01,117000.0,Table Bay Retreat,South Africa,Western Cape,42.0,active,,True,117000.0
B1037,P002,2025-03-24,2025-03-29,1.0,3200,EUR,16000.0,ota,confirmed,2025-02-08 00:00:00,2025-02-08 00:00:00,bookings_batch1_2025-09-01.csv,1,37,20.1,2025-01-01,321600.0,Table Bay Retreat,South Africa,Western Cape,42.0,active,,True,321600.0
B1038,P005,2025-06-27,2025-06-28,3.0,2500,USD,2500.0,ota,confirmed,2025-06-20 00:00:00,2025-06-20 00:00:00,bookings_batch1_2025-09-01.csv,1,38,18.5,2025-01-01,46250.0,Zanzibar Beach Villas,Tanzania,Zanzibar,24.0,active,,True,46250.0
B1039,P002,2025-08-10,2025-08-18,5.0,12000,ZAR,96000.0,ota,confirmed,2025-06-02 00:00:00,2025-06-02 00:00:00,bookings_batch1_2025-09-01.csv,1,39,1.0,2024-01-01,96000.0,Table Bay Retreat,South Africa,Western Cape,42.0,active,,True,96000.0
B1040,P007,2025-06-27,2025-06-28,2.0,2500,USD,2500.0,website,confirmed,2025-04-03 00:00:00,2025-04-03 00:00:00,bookings_batch1_2025-09-01.csv,1,40,18.5,2025-01-01,46250.0,Namib Desert Camp,Namibia,Erongo,10.0,active,,True,46250.0
B1041,P009,2025-05-25,2025-06-04,2.0,9200,GBP,92000.0,ota,confirmed,2025-05-15 00:00:00,2025-05-15 00:00:00,bookings_batch1_2025-09-01.csv,1,41,23.4,2025-01-01,2152800.0,Cape Winelands Manor,South Africa,Western Cape,15.0,renovation,,True,2152800.0
B1042,P006,2025-06-18,2025-06-27,3.0,3200,USD,28800.0,travel_agent,confirmed,2025-05-05 00:00:00,2025-05-05 00:00:00,bookings_batch1_2025-09-01.csv,1,42,18.5,2025-01-01,532800.0,Victoria Falls Lodge,Zimbabwe,Matabeleland,30.0,active,,True,532800.0
B1043,P008,2025-05-23,2025-06-01,6.0,3200,EUR,28800.0,direct,confirmed,2025-03-15 00:00:00,2025-03-15 00:00:00,bookings_batch1_2025-09-01.csv,1,43,20.1,2025-01-01,578880.0,Kruger Gateway Hotel,South Africa,Mpumalanga,60.0,active,,True,578880.0
B1044,P001,2025-07-21,2025-07-22,3.0,4100,EUR,4100.0,ota,cancelled,2025-07-06 00:00:00,2025-07-06 00:00:00,bookings_batch1_2025-09-01.csv,1,44,20.8,2025-07-01,85280.0,Sabi Sands Bush Lodge,South Africa,Mpumalanga,18.0,active,,False,0.0
B1045,P007,2025-06-16,2025-06-24,2.0,4100,EUR,32800.0,website,cancelled,2025-06-06 00:00:00,2025-06-06 00:00:00,bookings_batch1_2025-09-01.csv,1,45,20.1,2025-01-01,659280.0,Namib Desert Camp,Namibia,Erongo,10.0,active,,False,0.0
B1046,P009,2025-09-16,2025-09-26,1.0,12000,EUR,120000.0,direct,confirmed,2025-09-01 00:00:00,2025-09-01 00:00:00,bookings_batch1_2025-09-01.csv,1,46,20.8,2025-07-01,2496000.0,Cape Winelands Manor,South Africa,Western Cape,15.0,renovation,,True,2496000.0
B1047,P007,2025-08-20,2025-08-29,1.0,9200,USD,82800.0,ota,confirmed,2025-05-27 00:00:00,2025-05-27 00:00:00,bookings_batch1_2025-09-01.csv,1,47,18.5,2025-01-01,1531800.0,Namib Desert Camp,Namibia,Erongo,10.0,active,,True,1531800.0
B1048,P009,2025-10-02,2025-10-04,6.0,7800,USD,15600.0,direct,confirmed,2025-07-29 00:00:00,2025-07-29 00:00:00,bookings_batch1_2025-09-01.csv,1,48,19.0,2025-07-01,296400.0,Cape Winelands Manor,South Africa,Western Cape,15.0,renovation,,True,296400.0
B1049,P004,2025-08-24,2025-09-01,4.0,2500,ZAR,20000.0,ota,confirmed,2025-07-14 00:00:00,2025-07-14 00:00:00,bookings_batch1_2025-09-01.csv,1,49,1.0,2024-01-01,20000.0,Okavango Delta Camp,Botswana,North-West,9.0,active,,True,20000.0
B1050,P005,2025-10-18,2025-10-21,1.0,5500,USD,16500.0,direct,confirmed,2025-08-12 00:00:00,2025-08-12 00:00:00,bookings_batch1_2025-09-01.csv,1,50,19.0,2025-07-01,313500.0,Zanzibar Beach Villas,Tanzania,Zanzibar,24.0,active,,True,313500.0
B1051,P005,2025-08-26,2025-09-03,4.0,12000,USD,96000.0,travel_agent,pending,2025-06-12 00:00:00,2025-06-12 00:00:00,bookings_batch1_2025-09-01.csv,1,51,18.5,2025-01-01,1776000.0,Zanzibar Beach Villas,Tanzania,Zanzibar,24.0,active,,False,0.0
B1052,P002,2025-09-17,2025-09-25,3.0,5500,EUR,44000.0,direct,confirmed,2025-08-17 00:00:00,2025-08-17 00:00:00,bookings_batch1_2025-09-01.csv,1,52,20.8,2025-07-01,915200.0,Table Bay Retreat,South Africa,Western Cape,42.0,active,,True,915200.0
B1053,P003,2025-09-18,2025-09-23,1.0,9200,GBP,46000.0,website,confirmed,2025-08-15 00:00:00,2025-08-15 00:00:00,bookings_batch1_2025-09-01.csv,1,53,24.1,2025-07-01,1108600.0,Serengeti Plains Camp,Tanzania,Serengeti,12.0,active,,True,1108600.0
B1054,P008,2025-07-27,2025-08-01,6.0,3200,ZAR,16000.0,travel_agent,confirmed,2025-06-08 00:00:00,2025-06-08 00:00:00,bookings_batch1_2025-09-01.csv,1,54,1.0,2024-01-01,16000.0,Kruger Gateway Hotel,South Africa,Mpumalanga,60.0,active,,True,16000.0
B1055,P007,2025-03-03,2025-03-07,6.0,2500,GBP,10000.0,direct,confirmed,2025-01-25 00:00:00,2025-01-25 00:00:00,bookings_batch1_2025-09-01.csv,1,55,23.4,2025-01-01,234000.0,Namib Desert Camp,Namibia,Erongo,10.0,active,,True,234000.0
B1056,P002,2025-07-04,2025-07-11,3.0,12000,USD,84000.0,direct,cancelled,2025-05-25 00:00:00,2025-05-25 00:00:00,bookings_batch1_2025-09-01.csv,1,56,18.5,2025-01-01,1554000.0,Table Bay Retreat,South Africa,Western Cape,42.0,active,,False,0.0
B1057,P007,2025-09-19,2025-09-25,2.0,12000,GBP,72000.0,website,confirmed,2025-07-22 00:00:00,2025-07-22 00:00:00,bookings_batch1_2025-09-01.csv,1,57,24.1,2025-07-01,1735200.0,Namib Desert Camp,Namibia,Erongo,10.0,active,,True,1735200.0
B1058,P001,2025-07-30,2025-08-07,5.0,12000,EUR,96000.0,website,confirmed,2025-05-04 00:00:00,2025-05-04 00:00:00,bookings_batch1_2025-09-01.csv,1,58,20.1,2025-01-01,1929600.0000000002,Sabi Sands Bush Lodge,South Africa,Mpumalanga,18.0,active,,True,1929600.0000000002
B1059,P007,2025-06-25,2025-06-30,3.0,4100,GBP,20500.0,travel_agent,confirmed,2025-04-30 00:00:00,2025-05-15 00:00:00,bookings_batch2_2025-09-02.csv,2,19,23.4,2025-01-01,479699.99999999994,Namib Desert Camp,Namibia,Erongo,10.0,active,,True,479699.99999999994
B1060,P003,2025-03-24,2025-03-26,2.0,7800,ZAR,15600.0,website,confirmed,2025-01-08 00:00:00,2025-01-08 00:00:00,bookings_batch1_2025-09-01.csv,1,60,1.0,2024-01-01,15600.0,Serengeti Plains Camp,Tanzania,Serengeti,12.0,active,,True,15600.0
B1061,P004,2025-05-05,2025-05-07,2.0,4100,USD,8200.0,travel_agent,pending,2025-03-21 00:00:00,2025-03-21 00:00:00,bookings_batch1_2025-09-01.csv,1,61,18.5,2025-01-01,151700.0,Okavango Delta Camp,Botswana,North-West,9.0,active,,False,0.0
B1062,P007,2025-07-31,2025-08-09,2.0,5500,GBP,49500.0,website,confirmed,2025-06-13 00:00:00,2025-06-13 00:00:00,bookings_batch1_2025-09-01.csv,1,62,23.4,2025-01-01,1158300.0,Namib Desert Camp,Namibia,Erongo,10.0,active,,True,1158300.0
B1063,P009,2025-09-28,2025-10-02,1.0,4100,EUR,16400.0,website,confirmed,2025-08-05 00:00:00,2025-08-05 00:00:00,bookings_batch1_2025-09-01.csv,1,63,20.8,2025-07-01,341120.0,Cape Winelands Manor,South Africa,Western Cape,15.0,renovation,,True,341120.0
B1064,P003,2025-01-17,2025-01-24,6.0,12000,ZAR,84000.0,direct,confirmed,2024-10-29 00:00:00,2024-10-29 00:00:00,bookings_batch1_2025-09-01.csv,1,64,1.0,2024-01-01,84000.0,Serengeti Plains Camp,Tanzania,Serengeti,12.0,active,,True,84000.0
B1065,P008,2025-08-18,2025-08-22,1.0,3200,EUR,12800.0,direct,pending,2025-07-25 00:00:00,2025-07-25 00:00:00,bookings_batch1_2025-09-01.csv,1,65,20.8,2025-07-01,266240.0,Kruger Gateway Hotel,South Africa,Mpumalanga,60.0,active,,False,0.0
B1066,P001,2025-03-06,2025-03-10,5.0,2500,GBP,10000.0,website,confirmed,2025-02-13 00:00:00,2025-02-13 00:00:00,bookings_batch1_2025-09-01.csv,1,66,23.4,2025-01-01,234000.0,Sabi Sands Bush Lodge,South Africa,Mpumalanga,18.0,active,,True,234000.0
B1067,P009,2025-10-26,2025-10-30,1.0,4100,EUR,16400.0,direct,confirmed,2025-08-06 00:00:00,2025-08-07 00:00:00,bookings_batch2_2025-09-02.csv,2,22,20.8,2025-07-01,341120.0,Cape Winelands Manor,South Africa,Western Cape,15.0,renovation,,True,341120.0
B1068,P004,2025-09-01,2025-09-10,2.0,7800,EUR,70200.0,travel_agent,confirmed,2025-08-24 00:00:00,2025-08-24 00:00:00,bookings_batch1_2025-09-01.csv,1,68,20.8,2025-07-01,1460160.0,Okavango Delta Camp,Botswana,North-West,9.0,active,,True,1460160.0
B1069,P002,2025-05-12,2025-05-16,6.0,5500,GBP,22000.0,direct,confirmed,2025-04-08 00:00:00,2025-04-08 00:00:00,bookings_batch1_2025-09-01.csv,1,69,23.4,2025-01-01,514799.99999999994,Table Bay Retreat,South Africa,Western Cape,42.0,active,,True,514799.99999999994
B1070,P004,2025-01-04,2025-01-09,6.0,12000,USD,60000.0,ota,confirmed,2024-12-04 00:00:00,2024-12-04 00:00:00,bookings_batch1_2025-09-01.csv,1,70,17.5,2024-01-01,1050000.0,Okavango Delta Camp,Botswana,North-West,9.0,active,,True,1050000.0
B1071,P005,2025-06-01,2025-06-03,5.0,5500,EUR,11000.0,website,confirmed,2025-04-29 00:00:00,2025-04-29 00:00:00,bookings_batch1_2025-09-01.csv,1,71,20.1,2025-01-01,221100.00000000003,Zanzibar Beach Villas,Tanzania,Zanzibar,24.0,active,,True,221100.00000000003
B1072,P007,2025-01-28,2025-02-01,1.0,7800,EUR,31200.0,direct,confirmed,2024-12-01 00:00:00,2024-12-01 00:00:00,bookings_batch1_2025-09-01.csv,1,72,19.5,2024-01-01,608400.0,Namib Desert Camp,Namibia,Erongo,10.0,active,,True,608400.0
B1073,P002,2025-02-10,2025-02-13,3.0,3200,EUR,9600.0,website,confirmed,2024-11-14 00:00:00,2024-11-14 00:00:00,bookings_batch1_2025-09-01.csv,1,73,19.5,2024-01-01,187200.0,Table Bay Retreat,South Africa,Western Cape,42.0,active,,True,187200.0
B1074,P006,2025-06-19,2025-06-27,2.0,2500,USD,20000.0,direct,confirmed,2025-06-04 00:00:00,2025-06-04 00:00:00,bookings_batch1_2025-09-01.csv,1,74,18.5,2025-01-01,370000.0,Victoria Falls Lodge,Zimbabwe,Matabeleland,30.0,active,,True,370000.0
B1075,P009,2025-04-17,2025-04-24,3.0,12000,GBP,84000.0,direct,confirmed,2025-02-16 00:00:00,2025-02-16 00:00:00,bookings_batch1_2025-09-01.csv,1,75,23.4,2025-01-01,1965599.9999999998,Cape Winelands Manor,South Africa,Western Cape,15.0,renovation,,True,1965599.9999999998
B1076,P004,2025-06-15,2025-06-21,6.0,5500,USD,33000.0,ota,confirmed,2025-03-22 00:00:00,2025-03-22 00:00:00,bookings_batch1_2025-09-01.csv,1,76,18.5,2025-01-01,610500.0,Okavango Delta Camp,Botswana,North-West,9.0,active,,True,610500.0
B1077,P008,2025-02-02,2025-02-03,3.0,3200,USD,3200.0,travel_agent,confirmed,2024-11-12 00:00:00,2024-11-12 00:00:00,bookings_batch1_2025-09-01.csv,1,77,17.5,2024-01-01,56000.0,Kruger Gateway Hotel,South Africa,Mpumalanga,60.0,active,,True,56000.0
B1078,P001,2025-05-15,2025-05-21,3.0,4100,USD,24600.0,direct,cancelled,2025-02-23 00:00:00,2025-02-23 00:00:00,bookings_batch1_2025-09-01.csv,1,78,18.5,2025-01-01,455100.0,Sabi Sands Bush Lodge,South Africa,Mpumalanga,18.0,active,,False,0.0
B1079,P007,2025-05-09,2025-05-16,4.0,3200,ZAR,22400.0,travel_agent,confirmed,2025-04-11 00:00:00,2025-04-11 00:00:00,bookings_batch1_2025-09-01.csv,1,79,1.0,2024-01-01,22400.0,Namib Desert Camp,Namibia,Erongo,10.0,active,,True,22400.0
B1080,P006,2025-08-24,2025-08-30,5.0,2500,EUR,13500.0,ota,confirmed,2025-06-30 00:00:00,2025-07-06 00:00:00,bookings_batch2_2025-09-02.csv,2,30,20.1,2025-01-01,271350.0,Victoria Falls Lodge,Zimbabwe,Matabeleland,30.0,active,,True,271350.0
B1081,P009,2025-10-06,2025-10-12,2.0,5500,USD,33000.0,direct,confirmed,2025-09-22 00:00:00,2025-09-22 00:00:00,bookings_batch1_2025-09-01.csv,1,81,19.0,2025-07-01,627000.0,Cape Winelands Manor,South Africa,Western Cape,15.0,renovation,,True,627000.0
B1082,P003,2025-04-30,2025-05-03,4.0,5500,EUR,16500.0,travel_agent,confirmed,2025-02-16 00:00:00,2025-02-16 00:00:00,bookings_batch1_2025-09-01.csv,1,82,20.1,2025-01-01,331650.0,Serengeti Plains Camp,Tanzania,Serengeti,12.0,active,,True,331650.0
B1083,P005,2025-05-14,2025-05-18,4.0,3200,EUR,12800.0,ota,confirmed,2025-04-08 00:00:00,2025-04-08 00:00:00,bookings_batch2_2025-09-02.csv,2,34,20.1,2025-01-01,257280.00000000003,Zanzibar Beach Villas,Tanzania,Zanzibar,24.0,active,,True,257280.00000000003
B1084,P007,2025-05-09,2025-05-13,5.0,7800,EUR,31200.0,website,confirmed,2025-02-10 00:00:00,2025-02-10 00:00:00,bookings_batch1_2025-09-01.csv,1,84,20.1,2025-01-01,627120.0,Namib Desert Camp,Namibia,Erongo,10.0,active,,True,627120.0
B1085,P008,2025-07-11,2025-07-12,3.0,3200,USD,3200.0,ota,confirmed,2025-06-30 00:00:00,2025-06-30 00:00:00,bookings_batch1_2025-09-01.csv,1,85,18.5,2025-01-01,59200.0,Kruger Gateway Hotel,South Africa,Mpumalanga,60.0,active,,True,59200.0
B1086,P008,2025-05-14,2025-05-15,1.0,9200,GBP,9200.0,travel_agent,confirmed,2025-04-12 00:00:00,2025-04-12 00:00:00,bookings_batch1_2025-09-01.csv,1,86,23.4,2025-01-01,215280.0,Kruger Gateway Hotel,South Africa,Mpumalanga,60.0,active,,True,215280.0
B1087,P001,2025-04-15,2025-04-16,3.0,5500,GBP,5500.0,travel_agent,confirmed,2025-03-18 00:00:00,2025-03-18 00:00:00,bookings_batch1_2025-09-01.csv,1,87,23.4,2025-01-01,128699.99999999999,Sabi Sands Bush Lodge,South Africa,Mpumalanga,18.0,active,,True,128699.99999999999
B1088,P009,2025-09-05,2025-09-07,4.0,2500,ZAR,5000.0,ota,confirmed,2025-06-08 00:00:00,2025-06-08 00:00:00,bookings_batch1_2025-09-01.csv,1,88,1.0,2024-01-01,5000.0,Cape Winelands Manor,South Africa,Western Cape,15.0,renovation,,True,5000.0
B1089,P007,2025-05-19,2025-05-26,3.0,9200,GBP,64400.0,travel_agent,confirmed,2025-03-22 00:00:00,2025-03-22 00:00:00,bookings_batch1_2025-09-01.csv,1,89,23.4,2025-01-01,1506960.0,Namib Desert Camp,Namibia,Erongo,10.0,active,,True,1506960.0
B1090,P007,2025-01-10,2025-01-16,6.0,3200,ZAR,19200.0,direct,confirmed,2024-11-15 00:00:00,2024-11-15 00:00:00,bookings_batch1_2025-09-01.csv,1,90,1.0,2024-01-01,19200.0,Namib Desert Camp,Namibia,Erongo,10.0,active,,True,19200.0
B1091,P007,2025-10-23,2025-10-29,4.0,12000,EUR,72000.0,direct,confirmed,2025-10-02 00:00:00,2025-10-02 00:00:00,bookings_batch1_2025-09-01.csv,1,91,20.8,2025-07-01,1497600.0,Namib Desert Camp,Namibia,Erongo,10.0,active,,True,1497600.0
B1092,P002,2025-10-21,2025-10-31,3.0,9200,EUR,92000.0,travel_agent,confirmed,2025-09-28 00:00:00,2025-09-28 00:00:00,bookings_batch1_2025-09-01.csv,1,92,20.8,2025-07-01,1913600.0,Table Bay Retreat,South Africa,Western Cape,42.0,active,,True,1913600.0
B1093,P002,2025-07-16,2025-07-24,2.0,4100,EUR,32800.0,travel_agent,confirmed,2025-07-06 00:00:00,2025-07-06 00:00:00,bookings_batch1_2025-09-01.csv,1,93,20.8,2025-07-01,682240.0,Table Bay Retreat,South Africa,Western Cape,42.0,active,,True,682240.0
B1094,P002,2025-03-24,2025-03-28,5.0,5500,EUR,22000.0,ota,confirmed,2025-01-18 00:00:00,2025-01-18 00:00:00,bookings_batch1_2025-09-01.csv,1,94,20.1,2025-01-01,442200.00000000006,Table Bay Retreat,South Africa,Western Cape,42.0,active,,True,442200.00000000006
B1095,P007,2025-07-03,2025-07-05,2.0,3200,EUR,6400.0,direct,confirmed,2025-06-23 00:00:00,2025-06-23 00:00:00,bookings_batch1_2025-09-01.csv,1,95,20.1,2025-01-01,128640.00000000001,Namib Desert Camp,Namibia,Erongo,10.0,active,,True,128640.00000000001
B1096,P009,2025-06-06,2025-06-13,3.0,7800,EUR,54600.0,travel_agent,confirmed,2025-04-08 00:00:00,2025-04-08 00:00:00,bookings_batch1_2025-09-01.csv,1,96,20.1,2025-01-01,1097460.0,Cape Winelands Manor,South Africa,Western Cape,15.0,renovation,,True,1097460.0
B1097,P001,2025-09-08,2025-09-16,2.0,5500,ZAR,44000.0,website,confirmed,2025-08-12 00:00:00,2025-08-12 00:00:00,bookings_batch1_2025-09-01.csv,1,97,1.0,2024-01-01,44000.0,Sabi Sands Bush Lodge,South Africa,Mpumalanga,18.0,active,,True,44000.0
B1098,P006,2025-02-16,2025-02-24,5.0,7800,USD,62400.0,direct,confirmed,2025-02-06 00:00:00,2025-02-06 00:00:00,bookings_batch1_2025-09-01.csv,1,98,18.5,2025-01-01,1154400.0,Victoria Falls Lodge,Zimbabwe,Matabeleland,30.0,active,,True,1154400.0
B1099,P007,2025-03-11,2025-03-12,1.0,7800,USD,7800.0,website,pending,2025-02-10 00:00:00,2025-02-10 00:00:00,bookings_batch1_2025-09-01.csv,1,99,18.5,2025-01-01,144300.0,Namib Desert Camp,Namibia,Erongo,10.0,active,,False,0.0
B1100,P002,2025-06-29,2025-07-09,3.0,3200,GBP,32000.0,website,confirmed,2025-04-07 00:00:00,2025-04-07 00:00:00,bookings_batch1_2025-09-01.csv,1,100,23.4,2025-01-01,748800.0,Table Bay Retreat,South Africa,Western Cape,42.0,active,,True,748800.0
B1101,P004,2025-05-15,2025-05-25,5.0,3200,GBP,32000.0,ota,confirmed,2025-03-24 00:00:00,2025-03-24 00:00:00,bookings_batch1_2025-09-01.csv,1,101,23.4,2025-01-01,748800.0,Okavango Delta Camp,Botswana,North-West,9.0,active,,True,748800.0
B1102,P006,2025-07-12,2025-07-15,3.0,2500,USD,7500.0,website,confirmed,2025-04-17 00:00:00,2025-04-17 00:00:00,bookings_batch1_2025-09-01.csv,1,102,18.5,2025-01-01,138750.0,Victoria Falls Lodge,Zimbabwe,Matabeleland,30.0,active,,True,138750.0
B1103,P007,2025-07-10,2025-07-15,4.0,4100,EUR,20500.0,direct,pending,2025-05-20 00:00:00,2025-05-20 00:00:00,bookings_batch1_2025-09-01.csv,1,103,20.1,2025-01-01,412050.00000000006,Namib Desert Camp,Namibia,Erongo,10.0,active,,False,0.0
B1104,P005,2025-09-22,2025-09-27,3.0,9200,GBP,46000.0,ota,confirmed,2025-09-17 00:00:00,2025-09-17 00:00:00,bookings_batch1_2025-09-01.csv,1,104,24.1,2025-07-01,1108600.0,Zanzibar Beach Villas,Tanzania,Zanzibar,24.0,active,,True,1108600.0
B1105,P007,2025-09-20,2025-09-26,1.0,3200,ZAR,19200.0,direct,confirmed,2025-08-17 00:00:00,2025-08-17 00:00:00,bookings_batch1_2025-09-01.csv,1,105,1.0,2024-01-01,19200.0,Namib Desert Camp,Namibia,Erongo,10.0,active,,True,19200.0
B1106,P005,2025-02-24,2025-03-05,3.0,7800,EUR,70200.0,travel_agent,confirmed,2024-12-29 00:00:00,2024-12-29 00:00:00,bookings_batch1_2025-09-01.csv,1,106,19.5,2024-01-01,1368900.0,Zanzibar Beach Villas,Tanzania,Zanzibar,24.0,active,,True,1368900.0
B1107,P008,2025-03-23,2025-03-26,1.0,12000,EUR,36000.0,direct,cancelled,2025-02-27 00:00:00,2025-02-27 00:00:00,bookings_batch1_2025-09-01.csv,1,107,20.1,2025-01-01,723600.0,Kruger Gateway Hotel,South Africa,Mpumalanga,60.0,active,,False,0.0
B1108,P007,2025-05-16,2025-05-17,1.0,9200,GBP,9200.0,website,confirmed,2025-02-24 00:00:00,2025-02-24 00:00:00,bookings_batch1_2025-09-01.csv,1,108,23.4,2025-01-01,215280.0,Namib Desert Camp,Namibia,Erongo,10.0,active,,True,215280.0
B1109,P003,2025-01-01,2025-01-02,1.0,7800,USD,7800.0,ota,confirmed,2024-11-06 00:00:00,2024-11-06 00:00:00,bookings_batch1_2025-09-01.csv,1,109,17.5,2024-01-01,136500.0,Serengeti Plains Camp,Tanzania,Serengeti,12.0,active,,True,136500.0
B1110,P001,2025-10-10,2025-10-14,2.0,5500,EUR,22000.0,website,confirmed,2025-07-31 00:00:00,2025-07-31 00:00:00,bookings_batch1_2025-09-01.csv,1,110,20.8,2025-07-01,457600.0,Sabi Sands Bush Lodge,South Africa,Mpumalanga,18.0,active,,True,457600.0
B1111,P005,2025-01-25,2025-02-02,6.0,7800,USD,62400.0,website,confirmed,2024-12-03 00:00:00,2024-12-03 00:00:00,bookings_batch1_2025-09-01.csv,1,111,17.5,2024-01-01,1092000.0,Zanzibar Beach Villas,Tanzania,Zanzibar,24.0,active,,True,1092000.0
B1112,P005,2025-04-29,2025-04-30,1.0,4100,GBP,4100.0,website,confirmed,2025-04-18 00:00:00,2025-04-18 00:00:00,bookings_batch1_2025-09-01.csv,1,112,23.4,2025-01-01,95940.0,Zanzibar Beach Villas,Tanzania,Zanzibar,24.0,active,,True,95940.0
B1113,P004,2025-02-13,2025-02-22,1.0,3200,GBP,28800.0,ota,confirmed,2025-01-09 00:00:00,2025-01-09 00:00:00,bookings_batch1_2025-09-01.csv,1,113,23.4,2025-01-01,673920.0,Okavango Delta Camp,Botswana,North-West,9.0,active,,True,673920.0
B1114,P006,2025-05-03,2025-05-10,6.0,9200,ZAR,64400.0,direct,confirmed,2025-02-27 00:00:00,2025-02-27 00:00:00,bookings_batch1_2025-09-01.csv,1,114,1.0,2024-01-01,64400.0,Victoria Falls Lodge,Zimbabwe,Matabeleland,30.0,active,,True,64400.0
B1115,P010,2025-06-07,2025-06-11,4.0,7800,USD,31200.0,ota,confirmed,2025-03-22 00:00:00,2025-03-22 00:00:00,bookings_batch1_2025-09-01.csv,1,115,18.5,2025-01-01,577200.0,Maasai Mara Tented Camp,Kenya,Rift Valley,14.0,active,,True,577200.0
B1116,P003,2025-06-26,2025-06-29,6.0,2500,USD,7500.0,direct,cancelled,2025-06-16 00:00:00,2025-06-16 00:00:00,bookings_batch1_2025-09-01.csv,1,116,18.5,2025-01-01,138750.0,Serengeti Plains Camp,Tanzania,Serengeti,12.0,active,,False,0.0
B1117,P006,2025-04-13,2025-04-22,6.0,2500,ZAR,22500.0,ota,cancelled,2025-03-26 00:00:00,2025-03-26 00:00:00,bookings_batch1_2025-09-01.csv,1,117,1.0,2024-01-01,22500.0,Victoria Falls Lodge,Zimbabwe,Matabeleland,30.0,active,,False,0.0
B1118,P005,2025-09-02,2025-09-04,2.0,2500,EUR,5000.0,travel_agent,confirmed,2025-07-22 00:00:00,2025-07-22 00:00:00,bookings_batch1_2025-09-01.csv,1,118,20.8,2025-07-01,104000.0,Zanzibar Beach Villas,Tanzania,Zanzibar,24.0,active,,True,104000.0
B1119,P005,2025-01-25,2025-01-31,3.0,12000,ZAR,72000.0,direct,confirmed,2024-12-15 00:00:00,2024-12-15 00:00:00,bookings_batch1_2025-09-01.csv,1,119,1.0,2024-01-01,72000.0,Zanzibar Beach Villas,Tanzania,Zanzibar,24.0,active,,True,72000.0
B1120,P006,2025-08-29,2025-08-30,5.0,7800,EUR,7800.0,travel_agent,confirmed,2025-08-13 00:00:00,2025-08-13 00:00:00,bookings_batch1_2025-09-01.csv,1,120,20.8,2025-07-01,162240.0,Victoria Falls Lodge,Zimbabwe,Matabeleland,30.0,active,,True,162240.0
B1121,P005,2025-01-28,2025-01-29,3.0,5500,USD,5500.0,website,confirmed,2024-11-22 00:00:00,2024-11-22 00:00:00,bookings_batch1_2025-09-01.csv,1,121,17.5,2024-01-01,96250.0,Zanzibar Beach Villas,Tanzania,Zanzibar,24.0,active,,True,96250.0
B1122,P005,2025-10-23,2025-10-26,3.0,12000,EUR,36000.0,ota,pending,2025-09-19 00:00:00,2025-09-19 00:00:00,bookings_batch1_2025-09-01.csv,1,122,20.8,2025-07-01,748800.0,Zanzibar Beach Villas,Tanzania,Zanzibar,24.0,active,,False,0.0
B1123,P009,2025-02-23,2025-03-01,3.0,2500,ZAR,15000.0,website,cancelled,2024-12-30 00:00:00,2024-12-31 00:00:00,bookings_batch2_2025-09-02.csv,2,25,1.0,2024-01-01,15000.0,Cape Winelands Manor,South Africa,Western Cape,15.0,renovation,,False,0.0
B1124,P005,2025-08-08,2025-08-17,5.0,3200,ZAR,28800.0,website,confirmed,2025-05-15 00:00:00,2025-05-15 00:00:00,bookings_batch1_2025-09-01.csv,1,124,1.0,2024-01-01,28800.0,Zanzibar Beach Villas,Tanzania,Zanzibar,24.0,active,,True,28800.0
B1125,P001,2025-06-28,2025-07-08,3.0,7800,EUR,78000.0,travel_agent,cancelled,2025-04-27 00:00:00,2025-04-27 00:00:00,bookings_batch1_2025-09-01.csv,1,125,20.1,2025-01-01,1567800.0,Sabi Sands Bush Lodge,South Africa,Mpumalanga,18.0,active,,False,0.0
B1126,P010,2025-04-29,2025-05-02,3.0,5500,EUR,16500.0,travel_agent,confirmed,2025-02-19 00:00:00,2025-02-19 00:00:00,bookings_batch1_2025-09-01.csv,1,126,20.1,2025-01-01,331650.0,Maasai Mara Tented Camp,Kenya,Rift Valley,14.0,active,,True,331650.0
B1127,P003,2025-03-21,2025-03-25,6.0,4100,GBP,16400.0,travel_agent,cancelled,2025-02-24 00:00:00,2025-02-24 00:00:00,bookings_batch1_2025-09-01.csv,1,127,23.4,2025-01-01,383760.0,Serengeti Plains Camp,Tanzania,Serengeti,12.0,active,,False,0.0
B1128,P003,2025-02-22,2025-02-26,4.0,3200,EUR,12800.0,website,confirmed,2025-01-10 00:00:00,2025-01-10 00:00:00,bookings_batch1_2025-09-01.csv,1,128,20.1,2025-01-01,257280.00000000003,Serengeti Plains Camp,Tanzania,Serengeti,12.0,active,,True,257280.00000000003
B1129,P005,2025-04-16,2025-04-23,4.0,2500,USD,17500.0,ota,confirmed,2025-02-19 00:00:00,2025-02-19 00:00:00,bookings_batch1_2025-09-01.csv,1,129,18.5,2025-01-01,323750.0,Zanzibar Beach Villas,Tanzania,Zanzibar,24.0,active,,True,323750.0
B1130,P005,2025-07-27,2025-07-28,6.0,3200,ZAR,3200.0,website,confirmed,2025-05-10 00:00:00,2025-05-10 00:00:00,bookings_batch1_2025-09-01.csv,1,130,1.0,2024-01-01,3200.0,Zanzibar Beach Villas,Tanzania,Zanzibar,24.0,active,,True,3200.0
B1131,P004,2025-04-03,2025-04-05,4.0,5500,GBP,11000.0,website,cancelled,2025-02-24 00:00:00,2025-02-24 00:00:00,bookings_batch1_2025-09-01.csv,1,131,23.4,2025-01-01,257399.99999999997,Okavango Delta Camp,Botswana,North-West,9.0,active,,False,0.0
B1132,P005,2025-08-05,2025-08-13,4.0,2500,ZAR,20000.0,travel_agent,confirmed,2025-05-26 00:00:00,2025-05-26 00:00:00,bookings_batch1_2025-09-01.csv,1,132,1.0,2024-01-01,20000.0,Zanzibar Beach Villas,Tanzania,Zanzibar,24.0,active,,True,20000.0
B1133,P001,2025-05-09,2025-05-18,2.0,3200,EUR,28800.0,direct,confirmed,2025-02-27 00:00:00,2025-02-27 00:00:00,bookings_batch1_2025-09-01.csv,1,133,20.1,2025-01-01,578880.0,Sabi Sands Bush Lodge,South Africa,Mpumalanga,18.0,active,,True,578880.0
B1134,P009,2025-01-09,2025-01-15,5.0,4100,ZAR,24600.0,ota,confirmed,2024-11-07 00:00:00,2024-11-07 00:00:00,bookings_batch1_2025-09-01.csv,1,134,1.0,2024-01-01,24600.0,Cape Winelands Manor,South Africa,Western Cape,15.0,renovation,,True,24600.0
B1135,P010,2025-07-02,2025-07-03,3.0,4100,ZAR,4100.0,direct,confirmed,2025-05-07 00:00:00,2025-05-07 00:00:00,bookings_batch1_2025-09-01.csv,1,135,1.0,2024-01-01,4100.0,Maasai Mara Tented Camp,Kenya,Rift Valley,14.0,active,,True,4100.0
B1136,P010,2025-05-16,2025-05-18,2.0,4100,ZAR,8200.0,website,confirmed,2025-03-05 00:00:00,2025-03-05 00:00:00,bookings_batch1_2025-09-01.csv,1,136,1.0,2024-01-01,8200.0,Maasai Mara Tented Camp,Kenya,Rift Valley,14.0,active,,True,8200.0
B1137,P004,2025-08-29,2025-09-07,6.0,3200,EUR,28800.0,website,confirmed,2025-07-10 00:00:00,2025-07-10 00:00:00,bookings_batch1_2025-09-01.csv,1,137,20.8,2025-07-01,599040.0,Okavango Delta Camp,Botswana,North-West,9.0,active,,True,599040.0
B1138,P006,2025-04-28,2025-05-03,6.0,5500,GBP,27500.0,website,confirmed,2025-02-28 00:00:00,2025-02-28 00:00:00,bookings_batch1_2025-09-01.csv,1,138,23.4,2025-01-01,643500.0,Victoria Falls Lodge,Zimbabwe,Matabeleland,30.0,active,,True,643500.0
B1139,P004,2025-06-04,2025-06-10,4.0,5500,ZAR,33000.0,travel_agent,confirmed,2025-03-12 00:00:00,2025-03-12 00:00:00,bookings_batch1_2025-09-01.csv,1,139,1.0,2024-01-01,33000.0,Okavango Delta Camp,Botswana,North-West,9.0,active,,True,33000.0
B1140,P002,2025-10-17,2025-10-23,2.0,7800,GBP,46800.0,direct,confirmed,2025-07-23 00:00:00,2025-07-23 00:00:00,bookings_batch1_2025-09-01.csv,1,140,24.1,2025-07-01,1127880.0,Table Bay Retreat,South Africa,Western Cape,42.0,active,,True,1127880.0
B1141,P005,2025-02-21,2025-03-03,2.0,12000,EUR,120000.0,travel_agent,confirmed,2025-01-24 00:00:00,2025-02-06 00:00:00,bookings_batch2_2025-09-02.csv,2,33,20.1,2025-01-01,2412000.0,Zanzibar Beach Villas,Tanzania,Zanzibar,24.0,active,,True,2412000.0
B1142,P003,2025-02-16,2025-02-25,6.0,12000,GBP,108000.0,ota,pending,2025-01-17 00:00:00,2025-01-17 00:00:00,bookings_batch1_2025-09-01.csv,1,142,23.4,2025-01-01,2527200.0,Serengeti Plains Camp,Tanzania,Serengeti,12.0,active,,False,0.0
B1143,P002,2025-10-12,2025-10-14,3.0,5500,EUR,11000.0,website,confirmed,2025-09-20 00:00:00,2025-09-20 00:00:00,bookings_batch1_2025-09-01.csv,1,143,20.8,2025-07-01,228800.0,Table Bay Retreat,South Africa,Western Cape,42.0,active,,True,228800.0
B1144,P008,2025-05-07,2025-05-15,2.0,7800,USD,62400.0,website,confirmed,2025-04-12 00:00:00,2025-04-12 00:00:00,bookings_batch1_2025-09-01.csv,1,144,18.5,2025-01-01,1154400.0,Kruger Gateway Hotel,South Africa,Mpumalanga,60.0,active,,True,1154400.0
B1145,P006,2025-08-07,2025-08-14,6.0,2500,EUR,17500.0,direct,confirmed,2025-05-13 00:00:00,2025-05-13 00:00:00,bookings_batch1_2025-09-01.csv,1,145,20.1,2025-01-01,351750.0,Victoria Falls Lodge,Zimbabwe,Matabeleland,30.0,active,,True,351750.0
B1146,P002,2025-09-19,2025-09-27,4.0,12000,EUR,96000.0,website,confirmed,2025-09-10 00:00:00,2025-09-10 00:00:00,bookings_batch1_2025-09-01.csv,1,146,20.8,2025-07-01,1996800.0,Table Bay Retreat,South Africa,Western Cape,42.0,active,,True,1996800.0
B1147,P006,2025-08-31,2025-09-09,5.0,12000,EUR,108000.0,travel_agent,confirmed,2025-07-21 00:00:00,2025-07-21 00:00:00,bookings_batch1_2025-09-01.csv,1,147,20.8,2025-07-01,2246400.0,Victoria Falls Lodge,Zimbabwe,Matabeleland,30.0,active,,True,2246400.0
B1148,P005,2025-07-01,2025-07-09,4.0,4100,GBP,32800.0,ota,confirmed,2025-04-23 00:00:00,2025-04-23 00:00:00,bookings_batch1_2025-09-01.csv,1,148,23.4,2025-01-01,767520.0,Zanzibar Beach Villas,Tanzania,Zanzibar,24.0,active,,True,767520.0
B1149,P004,2025-06-12,2025-06-17,2.0,7800,USD,39000.0,website,confirmed,2025-06-02 00:00:00,2025-06-02 00:00:00,bookings_batch1_2025-09-01.csv,1,149,18.5,2025-01-01,721500.0,Okavango Delta Camp,Botswana,North-West,9.0,active,,True,721500.0
B1150,P001,2025-01-24,2025-01-28,4.0,7800,USD,31200.0,website,confirmed,2024-11-16 00:00:00,2024-11-16 00:00:00,bookings_batch1_2025-09-01.csv,1,150,17.5,2024-01-01,546000.0,Sabi Sands Bush Lodge,South Africa,Mpumalanga,18.0,active,,True,546000.0
B1151,P002,2025-04-19,2025-04-20,6.0,9200,ZAR,9200.0,direct,cancelled,2025-01-24 00:00:00,2025-01-24 00:00:00,bookings_batch1_2025-09-01.csv,1,151,1.0,2024-01-01,9200.0,Table Bay Retreat,South Africa,Western Cape,42.0,active,,False,0.0
B1152,P001,2025-07-08,2025-07-11,3.0,7800,GBP,23400.0,website,confirmed,2025-05-26 00:00:00,2025-05-26 00:00:00,bookings_batch1_2025-09-01.csv,1,152,23.4,2025-01-01,547560.0,Sabi Sands Bush Lodge,South Africa,Mpumalanga,18.0,active,,True,547560.0
B1153,P010,2025-01-28,2025-02-05,5.0,7800,USD,62400.0,website,cancelled,2025-01-08 00:00:00,2025-01-08 00:00:00,bookings_batch1_2025-09-01.csv,1,153,18.5,2025-01-01,1154400.0,Maasai Mara Tented Camp,Kenya,Rift Valley,14.0,active,,False,0.0
B1154,P010,2025-03-21,2025-03-29,4.0,7800,USD,62400.0,ota,confirmed,2025-03-06 00:00:00,2025-03-06 00:00:00,bookings_batch1_2025-09-01.csv,1,154,18.5,2025-01-01,1154400.0,Maasai Mara Tented Camp,Kenya,Rift Valley,14.0,active,,True,1154400.0
B1155,P002,2025-02-15,2025-02-19,1.0,3200,ZAR,12800.0,ota,confirmed,2025-02-08 00:00:00,2025-02-08 00:00:00,bookings_batch1_2025-09-01.csv,1,155,1.0,2024-01-01,12800.0,Table Bay Retreat,South Africa,Western Cape,42.0,active,,True,12800.0
B1156,P006,2025-03-16,2025-03-18,3.0,9200,ZAR,18400.0,direct,confirmed,2025-01-12 00:00:00,2025-01-12 00:00:00,bookings_batch1_2025-09-01.csv,1,156,1.0,2024-01-01,18400.0,Victoria Falls Lodge,Zimbabwe,Matabeleland,30.0,active,,True,18400.0
B1157,P002,2025-07-19,2025-07-24,3.0,9200,EUR,46000.0,direct,cancelled,2025-05-13 00:00:00,2025-05-13 00:00:00,bookings_batch1_2025-09-01.csv,1,157,20.1,2025-01-01,924600.0000000001,Table Bay Retreat,South Africa,Western Cape,42.0,active,,False,0.0
B1158,P008,2025-03-27,2025-03-30,1.0,4100,EUR,12300.0,website,confirmed,2025-01-01 00:00:00,2025-01-01 00:00:00,bookings_batch1_2025-09-01.csv,1,158,20.1,2025-01-01,247230.00000000003,Kruger Gateway Hotel,South Africa,Mpumalanga,60.0,active,,True,247230.00000000003
B1159,P006,2025-05-30,2025-06-04,1.0,7800,GBP,39000.0,ota,confirmed,2025-03-09 00:00:00,2025-03-14 00:00:00,bookings_batch2_2025-09-02.csv,2,21,23.4,2025-01-01,912600.0,Victoria Falls Lodge,Zimbabwe,Matabeleland,30.0,active,,True,912600.0
B1160,P007,2025-07-18,2025-07-25,5.0,12000,EUR,84000.0,direct,confirmed,2025-05-17 00:00:00,2025-05-17 00:00:00,bookings_batch1_2025-09-01.csv,1,160,20.1,2025-01-01,1688400.0000000002,Namib Desert Camp,Namibia,Erongo,10.0,active,,True,1688400.0000000002
B1161,P010,2025-01-22,2025-01-27,2.0,12000,EUR,60000.0,website,confirmed,2024-12-13 00:00:00,2024-12-13 00:00:00,bookings_batch1_2025-09-01.csv,1,161,19.5,2024-01-01,1170000.0,Maasai Mara Tented Camp,Kenya,Rift Valley,14.0,active,,True,1170000.0
B1162,P008,2025-07-15,2025-07-19,6.0,3200,GBP,12800.0,website,pending,2025-04-24 00:00:00,2025-04-24 00:00:00,bookings_batch1_2025-09-01.csv,1,162,23.4,2025-01-01,299520.0,Kruger Gateway Hotel,South Africa,Mpumalanga,60.0,active,,False,0.0
B1163,P010,2025-01-05,2025-01-12,4.0,7800,USD,54600.0,direct,confirmed,2024-10-24 00:00:00,2024-10-24 00:00:00,bookings_batch1_2025-09-01.csv,1,163,17.5,2024-01-01,955500.0,Maasai Mara Tented Camp,Kenya,Rift Valley,14.0,active,,True,955500.0
B1164,P009,2025-06-14,2025-06-22,5.0,7800,EUR,62400.0,ota,confirmed,2025-05-16 00:00:00,2025-05-16 00:00:00,bookings_batch1_2025-09-01.csv,1,164,20.1,2025-01-01,1254240.0,Cape Winelands Manor,South Africa,Western Cape,15.0,renovation,,True,1254240.0
B1165,P006,2025-10-23,2025-11-02,3.0,5500,EUR,55000.0,website,confirmed,2025-09-17 00:00:00,2025-09-17 00:00:00,bookings_batch1_2025-09-01.csv,1,165,20.8,2025-07-01,1144000.0,Victoria Falls Lodge,Zimbabwe,Matabeleland,30.0,active,,True,1144000.0
B1166,P002,2025-03-21,2025-03-27,5.0,2500,GBP,15000.0,direct,cancelled,2025-02-09 00:00:00,2025-02-14 00:00:00,bookings_batch2_2025-09-02.csv,2,29,23.4,2025-01-01,351000.0,Table Bay Retreat,South Africa,Western Cape,42.0,active,,False,0.0
B1167,P008,2025-10-28,2025-11-07,4.0,4100,GBP,41000.0,website,cancelled,2025-08-30 00:00:00,2025-09-07 00:00:00,bookings_batch2_2025-09-02.csv,2,31,24.1,2025-07-01,988100.0000000001,Kruger Gateway Hotel,South Africa,Mpumalanga,60.0,active,,False,0.0
B1168,P001,2025-06-23,2025-06-27,2.0,5500,USD,22000.0,direct,confirmed,2025-06-15 00:00:00,2025-06-15 00:00:00,bookings_batch1_2025-09-01.csv,1,168,18.5,2025-01-01,407000.0,Sabi Sands Bush Lodge,South Africa,Mpumalanga,18.0,active,,True,407000.0
B1169,P010,2025-07-23,2025-07-25,6.0,2500,GBP,5000.0,ota,confirmed,2025-06-08 00:00:00,2025-06-08 00:00:00,bookings_batch1_2025-09-01.csv,1,169,23.4,2025-01-01,117000.0,Maasai Mara Tented Camp,Kenya,Rift Valley,14.0,active,,True,117000.0
B1170,P007,2025-04-04,2025-04-12,2.0,4100,EUR,32800.0,direct,pending,2025-03-02 00:00:00,2025-03-02 00:00:00,bookings_batch1_2025-09-01.csv,1,170,20.1,2025-01-01,659280.0,Namib Desert Camp,Namibia,Erongo,10.0,active,,False,0.0
B1171,P001,2025-01-25,2025-01-30,5.0,9200,ZAR,46000.0,ota,pending,2025-01-13 00:00:00,2025-01-13 00:00:00,bookings_batch1_2025-09-01.csv,1,171,1.0,2024-01-01,46000.0,Sabi Sands Bush Lodge,South Africa,Mpumalanga,18.0,active,,False,0.0
B1172,P010,2025-08-14,2025-08-16,4.0,4100,GBP,8200.0,direct,confirmed,2025-07-08 00:00:00,2025-07-08 00:00:00,bookings_batch1_2025-09-01.csv,1,172,24.1,2025-07-01,197620.0,Maasai Mara Tented Camp,Kenya,Rift Valley,14.0,active,,True,197620.0
B1173,P004,2025-03-15,2025-03-16,4.0,9200,EUR,9200.0,ota,confirmed,2025-03-06 00:00:00,2025-03-06 00:00:00,bookings_batch1_2025-09-01.csv,1,173,20.1,2025-01-01,184920.0,Okavango Delta Camp,Botswana,North-West,9.0,active,,True,184920.0
B1174,P008,2025-02-19,2025-02-26,1.0,9200,USD,64400.0,travel_agent,confirmed,2024-12-19 00:00:00,2024-12-19 00:00:00,bookings_batch1_2025-09-01.csv,1,174,17.5,2024-01-01,1127000.0,Kruger Gateway Hotel,South Africa,Mpumalanga,60.0,active,,True,1127000.0
B1175,P003,2025-06-19,2025-06-23,6.0,2500,EUR,10000.0,ota,confirmed,2025-04-18 00:00:00,2025-04-18 00:00:00,bookings_batch1_2025-09-01.csv,1,175,20.1,2025-01-01,201000.0,Serengeti Plains Camp,Tanzania,Serengeti,12.0,active,,True,201000.0
B1176,P004,2025-03-21,2025-03-22,3.0,7800,GBP,7800.0,travel_agent,confirmed,2025-02-02 00:00:00,2025-02-02 00:00:00,bookings_batch1_2025-09-01.csv,1,176,23.4,2025-01-01,182520.0,Okavango Delta Camp,Botswana,North-West,9.0,active,,True,182520.0
B1177,P002,2025-03-20,2025-03-29,1.0,9200,EUR,82800.0,travel_agent,confirmed,2025-01-03 00:00:00,2025-01-03 00:00:00,bookings_batch1_2025-09-01.csv,1,177,20.1,2025-01-01,1664280.0000000002,Table Bay Retreat,South Africa,Western Cape,42.0,active,,True,1664280.0000000002
B1178,P007,2025-05-14,2025-05-18,2.0,2500,ZAR,10000.0,ota,confirmed,2025-04-02 00:00:00,2025-04-02 00:00:00,bookings_batch1_2025-09-01.csv,1,178,1.0,2024-01-01,10000.0,Namib Desert Camp,Namibia,Erongo,10.0,active,,True,10000.0
B1179,P001,2025-08-15,2025-08-24,3.0,7800,EUR,70200.0,travel_agent,confirmed,2025-06-15 00:00:00,2025-06-15 00:00:00,bookings_batch1_2025-09-01.csv,1,179,20.1,2025-01-01,1411020.0,Sabi Sands Bush Lodge,South Africa,Mpumalanga,18.0,active,,True,1411020.0
B1180,P004,2025-05-22,2025-06-01,2.0,3200,EUR,32000.0,ota,confirmed,2025-03-12 00:00:00,2025-03-12 00:00:00,bookings_batch1_2025-09-01.csv,1,180,20.1,2025-01-01,643200.0,Okavango Delta Camp,Botswana,North-West,9.0,active,,True,643200.0
B1181,P010,2025-09-11,2025-09-16,2.0,3200,EUR,16000.0,travel_agent,confirmed,2025-06-20 00:00:00,2025-06-20 00:00:00,bookings_batch1_2025-09-01.csv,1,181,20.1,2025-01-01,321600.0,Maasai Mara Tented Camp,Kenya,Rift Valley,14.0,active,,True,321600.0
B1182,P007,2025-01-29,2025-02-07,3.0,4100,GBP,36900.0,direct,pending,2024-11-04 00:00:00,2024-11-04 00:00:00,bookings_batch1_2025-09-01.csv,1,182,22.5,2024-01-01,830250.0,Namib Desert Camp,Namibia,Erongo,10.0,active,,False,0.0
B1183,P003,2025-05-17,2025-05-21,1.0,7800,GBP,31200.0,travel_agent,confirmed,2025-05-08 00:00:00,2025-05-16 00:00:00,bookings_batch2_2025-09-02.csv,2,24,23.4,2025-01-01,730080.0,Serengeti Plains Camp,Tanzania,Serengeti,12.0,active,,True,730080.0
B1184,P009,2025-08-17,2025-08-26,1.0,2500,GBP,22500.0,website,confirmed,2025-07-12 00:00:00,2025-07-12 00:00:00,bookings_batch1_2025-09-01.csv,1,184,24.1,2025-07-01,542250.0,Cape Winelands Manor,South Africa,Western Cape,15.0,renovation,,True,542250.0
B1185,P008,2025-08-17,2025-08-26,1.0,7800,EUR,70200.0,direct,confirmed,2025-08-10 00:00:00,2025-08-10 00:00:00,bookings_batch1_2025-09-01.csv,1,185,20.8,2025-07-01,1460160.0,Kruger Gateway Hotel,South Africa,Mpumalanga,60.0,active,,True,1460160.0
B1186,P005,2025-05-09,2025-05-18,1.0,2500,USD,22500.0,direct,confirmed,2025-04-10 00:00:00,2025-04-10 00:00:00,bookings_batch1_2025-09-01.csv,1,186,18.5,2025-01-01,416250.0,Zanzibar Beach Villas,Tanzania,Zanzibar,24.0,active,,True,416250.0
B1187,P006,2025-02-18,2025-02-21,1.0,4100,USD,12300.0,travel_agent,confirmed,2024-12-16 00:00:00,2024-12-16 00:00:00,bookings_batch1_2025-09-01.csv,1,187,17.5,2024-01-01,215250.0,Victoria Falls Lodge,Zimbabwe,Matabeleland,30.0,active,,True,215250.0
B1188,P009,2025-04-27,2025-05-01,2.0,9200,ZAR,36800.0,direct,confirmed,2025-03-03 00:00:00,2025-03-03 00:00:00,bookings_batch1_2025-09-01.csv,1,188,1.0,2024-01-01,36800.0,Cape Winelands Manor,South Africa,Western Cape,15.0,renovation,,True,36800.0
B1189,P009,2025-01-19,2025-01-26,1.0,12000,GBP,84000.0,ota,cancelled,2024-12-02 00:00:00,2024-12-02 00:00:00,bookings_batch1_2025-09-01.csv,1,189,22.5,2024-01-01,1890000.0,Cape Winelands Manor,South Africa,Western Cape,15.0,renovation,,False,0.0
B1190,P006,2025-07-25,2025-08-03,1.0,4100,EUR,36900.0,website,confirmed,2025-06-05 00:00:00,2025-06-17 00:00:00,bookings_batch2_2025-09-02.csv,2,20,20.1,2025-01-01,741690.0,Victoria Falls Lodge,Zimbabwe,Matabeleland,30.0,active,,True,741690.0
B1191,P009,2025-04-06,2025-04-08,3.0,5500,EUR,11000.0,ota,confirmed,2025-01-27 00:00:00,2025-01-27 00:00:00,bookings_batch1_2025-09-01.csv,1,191,20.1,2025-01-01,221100.00000000003,Cape Winelands Manor,South Africa,Western Cape,15.0,renovation,,True,221100.00000000003
B1192,P001,2025-01-21,2025-01-22,6.0,7800,GBP,7800.0,direct,confirmed,2024-10-29 00:00:00,2024-10-29 00:00:00,bookings_batch1_2025-09-01.csv,1,192,22.5,2024-01-01,175500.0,Sabi Sands Bush Lodge,South Africa,Mpumalanga,18.0,active,,True,175500.0
B1193,P007,2025-05-02,2025-05-03,3.0,2500,GBP,2500.0,direct,confirmed,2025-03-14 00:00:00,2025-03-14 00:00:00,bookings_batch1_2025-09-01.csv,1,193,23.4,2025-01-01,58500.0,Namib Desert Camp,Namibia,Erongo,10.0,active,,True,58500.0
B1194,P005,2025-02-13,2025-02-21,5.0,7800,EUR,62400.0,ota,pending,2024-12-14 00:00:00,2024-12-14 00:00:00,bookings_batch1_2025-09-01.csv,1,194,19.5,2024-01-01,1216800.0,Zanzibar Beach Villas,Tanzania,Zanzibar,24.0,active,,False,0.0
B1195,P004,2025-02-14,2025-02-23,3.0,12000,ZAR,108000.0,ota,confirmed,2024-11-23 00:00:00,2024-11-23 00:00:00,bookings_batch1_2025-09-01.csv,1,195,1.0,2024-01-01,108000.0,Okavango Delta Camp,Botswana,North-West,9.0,active,,True,108000.0
B1196,P008,2025-10-08,2025-10-13,5.0,5500,ZAR,30250.0,ota,confirmed,2025-08-25 00:00:00,2025-08-29 00:00:00,bookings_batch2_2025-09-02.csv,2,26,1.0,2024-01-01,30250.0,Kruger Gateway Hotel,South Africa,Mpumalanga,60.0,active,,True,30250.0
B1197,P007,2025-10-27,2025-11-03,1.0,4100,EUR,28700.0,travel_agent,pending,2025-09-22 00:00:00,2025-09-22 00:00:00,bookings_batch1_2025-09-01.csv,1,197,20.8,2025-07-01,596960.0,Namib Desert Camp,Namibia,Erongo,10.0,active,,False,0.0
B1198,P005,2025-01-30,2025-01-31,2.0,7800,USD,7800.0,website,confirmed,2024-11-09 00:00:00,2024-11-16 00:00:00,bookings_batch2_2025-09-02.csv,2,32,17.5,2024-01-01,136500.0,Zanzibar Beach Villas,Tanzania,Zanzibar,24.0,active,,True,136500.0
B1199,P006,2025-02-25,2025-03-06,2.0,9200,EUR,82800.0,travel_agent,confirmed,2024-12-29 00:00:00,2025-01-07 00:00:00,bookings_batch2_2025-09-02.csv,2,28,19.5,2024-01-01,1614600.0,Victoria Falls Lodge,Zimbabwe,Matabeleland,30.0,active,,True,1614600.0
B1200,P005,2025-09-23,2025-09-25,6.0,12000,ZAR,24000.0,website,cancelled,2025-08-15 00:00:00,2025-08-15 00:00:00,bookings_batch1_2025-09-01.csv,1,200,1.0,2024-01-01,24000.0,Zanzibar Beach Villas,Tanzania,Zanzibar,24.0,active,,False,0.0
B1201,P010,2025-03-02,2025-03-10,4.0,7800,EUR,62400.0,direct,pending,2025-01-03 00:00:00,2025-01-03 00:00:00,bookings_batch1_2025-09-01.csv,1,201,20.1,2025-01-01,1254240.0,Maasai Mara Tented Camp,Kenya,Rift Valley,14.0,active,,False,0.0
B1202,P006,2025-05-30,2025-06-05,4.0,7800,ZAR,46800.0,direct,confirmed,2025-03-04 00:00:00,2025-03-04 00:00:00,bookings_batch1_2025-09-01.csv,1,202,1.0,2024-01-01,46800.0,Victoria Falls Lodge,Zimbabwe,Matabeleland,30.0,active,,True,46800.0
B1203,P009,2025-06-05,2025-06-08,4.0,7800,ZAR,23400.0,direct,confirmed,2025-03-18 00:00:00,2025-03-18 00:00:00,bookings_batch2_2025-09-02.csv,2,35,1.0,2024-01-01,23400.0,Cape Winelands Manor,South Africa,Western Cape,15.0,renovation,,True,23400.0
B1204,P004,2025-06-16,2025-06-20,4.0,2500,USD,10000.0,website,cancelled,2025-06-05 00:00:00,2025-06-05 00:00:00,bookings_batch1_2025-09-01.csv,1,204,18.5,2025-01-01,185000.0,Okavango Delta Camp,Botswana,North-West,9.0,active,,False,0.0
B1205,P009,2025-09-22,2025-09-29,4.0,5500,GBP,38500.0,travel_agent,confirmed,2025-09-12 00:00:00,2025-09-12 00:00:00,bookings_batch1_2025-09-01.csv,1,205,24.1,2025-07-01,927850.0,Cape Winelands Manor,South Africa,Western Cape,15.0,renovation,,True,927850.0
B1206,P004,2025-02-20,2025-02-27,3.0,7800,ZAR,54600.0,ota,pending,2024-11-24 00:00:00,2024-11-24 00:00:00,bookings_batch1_2025-09-01.csv,1,206,1.0,2024-01-01,54600.0,Okavango Delta Camp,Botswana,North-West,9.0,active,,False,0.0
B1207,P010,2025-10-28,2025-11-03,6.0,7800,USD,46800.0,travel_agent,confirmed,2025-10-02 00:00:00,2025-10-02 00:00:00,bookings_batch1_2025-09-01.csv,1,207,19.0,2025-07-01,889200.0,Maasai Mara Tented Camp,Kenya,Rift Valley,14.0,active,,True,889200.0
B1208,P003,2025-02-26,2025-03-03,6.0,4100,ZAR,20500.0,travel_agent,pending,2024-12-03 00:00:00,2024-12-03 00:00:00,bookings_batch1_2025-09-01.csv,1,208,1.0,2024-01-01,20500.0,Serengeti Plains Camp,Tanzania,Serengeti,12.0,active,,False,0.0
B1209,P007,2025-04-04,2025-04-05,6.0,7800,USD,7800.0,direct,cancelled,2025-02-13 00:00:00,2025-02-25 00:00:00,bookings_batch2_2025-09-02.csv,2,23,18.5,2025-01-01,144300.0,Namib Desert Camp,Namibia,Erongo,10.0,active,,False,0.0
B1210,P009,2025-01-03,2025-01-08,4.0,12000,USD,60000.0,direct,confirmed,2024-10-15 00:00:00,2024-10-15 00:00:00,bookings_batch1_2025-09-01.csv,1,210,17.5,2024-01-01,1050000.0,Cape Winelands Manor,South Africa,Western Cape,15.0,renovation,,True,1050000.0
B1211,P010,2025-05-17,2025-05-26,5.0,3200,EUR,28800.0,direct,pending,2025-03-21 00:00:00,2025-03-21 00:00:00,bookings_batch1_2025-09-01.csv,1,211,20.1,2025-01-01,578880.0,Maasai Mara Tented Camp,Kenya,Rift Valley,14.0,active,,False,0.0
B1212,P002,2025-01-15,2025-01-17,1.0,3200,ZAR,6400.0,website,pending,2024-11-12 00:00:00,2024-11-12 00:00:00,bookings_batch1_2025-09-01.csv,1,212,1.0,2024-01-01,6400.0,Table Bay Retreat,South Africa,Western Cape,42.0,active,,False,0.0
B1213,P006,2025-03-15,2025-03-19,3.0,4100,EUR,16400.0,direct,cancelled,2025-03-06 00:00:00,2025-03-06 00:00:00,bookings_batch1_2025-09-01.csv,1,213,20.1,2025-01-01,329640.0,Victoria Falls Lodge,Zimbabwe,Matabeleland,30.0,active,,False,0.0
B1214,P007,2025-01-11,2025-01-12,2.0,5500,USD,5500.0,ota,cancelled,2024-11-11 00:00:00,2024-11-11 00:00:00,bookings_batch1_2025-09-01.csv,1,214,17.5,2024-01-01,96250.0,Namib Desert Camp,Namibia,Erongo,10.0,active,,False,0.0
B1215,P003,2025-06-11,2025-06-12,4.0,4100,ZAR,4100.0,website,cancelled,2025-03-21 00:00:00,2025-03-21 00:00:00,bookings_batch1_2025-09-01.csv,1,215,1.0,2024-01-01,4100.0,Serengeti Plains Camp,Tanzania,Serengeti,12.0,active,,False,0.0
B1216,P004,2025-07-31,2025-08-05,4.0,9200,ZAR,46000.0,direct,cancelled,2025-07-24 00:00:00,2025-07-24 00:00:00,bookings_batch1_2025-09-01.csv,1,216,1.0,2024-01-01,46000.0,Okavango Delta Camp,Botswana,North-West,9.0,active,,False,0.0
B1217,P001,2025-05-29,2025-06-05,5.0,4100,USD,28700.0,website,confirmed,2025-04-12 00:00:00,2025-04-12 00:00:00,bookings_batch1_2025-09-01.csv,1,217,18.5,2025-01-01,530950.0,Sabi Sands Bush Lodge,South Africa,Mpumalanga,18.0,active,,True,530950.0
B1218,P007,2025-06-29,2025-07-08,2.0,5500,EUR,49500.0,travel_agent,confirmed,2025-04-26 00:00:00,2025-04-26 00:00:00,bookings_batch1_2025-09-01.csv,1,218,20.1,2025-01-01,994950.0000000001,Namib Desert Camp,Namibia,Erongo,10.0,active,,True,994950.0000000001
B1219,P006,2025-03-21,2025-03-25,6.0,3200,USD,12800.0,ota,confirmed,2025-02-19 00:00:00,2025-02-19 00:00:00,bookings_batch1_2025-09-01.csv,1,219,18.5,2025-01-01,236800.0,Victoria Falls Lodge,Zimbabwe,Matabeleland,30.0,active,,True,236800.0
B1220,P003,2025-07-08,2025-07-14,2.0,9200,ZAR,55200.0,ota,confirmed,2025-05-16 00:00:00,2025-05-16 00:00:00,bookings_batch1_2025-09-01.csv,1,220,1.0,2024-01-01,55200.0,Serengeti Plains Camp,Tanzania,Serengeti,12.0,active,,True,55200.0
B1221,P008,2025-03-09,2025-03-14,5.0,5500,GBP,27500.0,website,confirmed,2024-12-26 00:00:00,2024-12-26 00:00:00,bookings_batch1_2025-09-01.csv,1,221,22.5,2024-01-01,618750.0,Kruger Gateway Hotel,South Africa,Mpumalanga,60.0,active,,True,618750.0
B1222,P009,2025-02-16,2025-02-25,3.0,9200,ZAR,82800.0,ota,confirmed,2025-02-08 00:00:00,2025-02-08 00:00:00,bookings_batch1_2025-09-01.csv,1,222,1.0,2024-01-01,82800.0,Cape Winelands Manor,South Africa,Western Cape,15.0,renovation,,True,82800.0
B1223,P003,2025-04-29,2025-05-05,2.0,9200,USD,55200.0,travel_agent,confirmed,2025-04-16 00:00:00,2025-04-16 00:00:00,bookings_batch1_2025-09-01.csv,1,223,18.5,2025-01-01,1021200.0,Serengeti Plains Camp,Tanzania,Serengeti,12.0,active,,True,1021200.0
B1224,P002,2025-04-26,2025-05-01,2.0,12000,ZAR,60000.0,website,confirmed,2025-03-16 00:00:00,2025-03-16 00:00:00,bookings_batch1_2025-09-01.csv,1,224,1.0,2024-01-01,60000.0,Table Bay Retreat,South Africa,Western Cape,42.0,active,,True,60000.0
B1225,P005,2025-04-01,2025-04-02,3.0,9200,GBP,9200.0,website,confirmed,2025-02-03 00:00:00,2025-02-03 00:00:00,bookings_batch1_2025-09-01.csv,1,225,23.4,2025-01-01,215280.0,Zanzibar Beach Villas,Tanzania,Zanzibar,24.0,active,,True,215280.0
B1226,P003,2025-05-30,2025-06-01,3.0,7800,EUR,15600.0,direct,confirmed,2025-05-20 00:00:00,2025-05-20 00:00:00,bookings_batch1_2025-09-01.csv,1,226,20.1,2025-01-01,313560.0,Serengeti Plains Camp,Tanzania,Serengeti,12.0,active,,True,313560.0
B1227,P003,2025-07-14,2025-07-15,5.0,4100,EUR,4100.0,website,confirmed,2025-04-28 00:00:00,2025-04-28 00:00:00,bookings_batch1_2025-09-01.csv,1,227,20.1,2025-01-01,82410.0,Serengeti Plains Camp,Tanzania,Serengeti,12.0,active,,True,82410.0
B1228,P010,2025-06-28,2025-06-29,1.0,12000,GBP,12000.0,direct,confirmed,2025-06-18 00:00:00,2025-06-18 00:00:00,bookings_batch1_2025-09-01.csv,1,228,23.4,2025-01-01,280800.0,Maasai Mara Tented Camp,Kenya,Rift Valley,14.0,active,,True,280800.0
B1229,P004,2025-06-26,2025-06-28,4.0,9200,ZAR,18400.0,travel_agent,confirmed,2025-04-04 00:00:00,2025-04-04 00:00:00,bookings_batch1_2025-09-01.csv,1,229,1.0,2024-01-01,18400.0,Okavango Delta Camp,Botswana,North-West,9.0,active,,True,18400.0
B1230,P008,2025-06-24,2025-07-03,6.0,9200,ZAR,82800.0,ota,confirmed,2025-04-15 00:00:00,2025-04-15 00:00:00,bookings_batch1_2025-09-01.csv,1,230,1.0,2024-01-01,82800.0,Kruger Gateway Hotel,South Africa,Mpumalanga,60.0,active,,True,82800.0
B1231,P008,2025-04-07,2025-04-08,6.0,12000,GBP,12000.0,ota,confirmed,2025-03-11 00:00:00,2025-03-11 00:00:00,bookings_batch1_2025-09-01.csv,1,231,23.4,2025-01-01,280800.0,Kruger Gateway Hotel,South Africa,Mpumalanga,60.0,active,,True,280800.0
B1232,P001,2025-03-28,2025-04-03,3.0,5500,USD,33000.0,ota,confirmed,2025-02-26 00:00:00,2025-02-26 00:00:00,bookings_batch2_2025-09-02.csv,2,36,18.5,2025-01-01,610500.0,Sabi Sands Bush Lodge,South Africa,Mpumalanga,18.0,active,,True,610500.0
B1233,P004,2025-01-04,2025-01-13,6.0,5500,EUR,49500.0,travel_agent,confirmed,2024-10-09 00:00:00,2024-10-09 00:00:00,bookings_batch1_2025-09-01.csv,1,233,19.5,2024-01-01,965250.0,Okavango Delta Camp,Botswana,North-West,9.0,active,,True,965250.0
B1234,P004,2025-06-20,2025-06-22,5.0,5500,EUR,11000.0,website,cancelled,2025-03-22 00:00:00,2025-03-22 00:00:00,bookings_batch1_2025-09-01.csv,1,234,20.1,2025-01-01,221100.00000000003,Okavango Delta Camp,Botswana,North-West,9.0,active,,False,0.0
B1235,P001,2025-07-04,2025-07-12,2.0,2500,USD,20000.0,ota,confirmed,2025-05-25 00:00:00,2025-05-25 00:00:00,bookings_batch1_2025-09-01.csv,1,235,18.5,2025-01-01,370000.0,Sabi Sands Bush Lodge,South Africa,Mpumalanga,18.0,active,,True,370000.0
B1236,P003,2025-06-16,2025-06-24,4.0,7800,GBP,62400.0,direct,confirmed,2025-05-05 00:00:00,2025-05-05 00:00:00,bookings_batch1_2025-09-01.csv,1,236,23.4,2025-01-01,1460160.0,Serengeti Plains Camp,Tanzania,Serengeti,12.0,active,,True,1460160.0
B1237,P002,2025-06-19,2025-06-29,3.0,2500,ZAR,25000.0,ota,confirmed,2025-04-20 00:00:00,2025-04-20 00:00:00,bookings_batch1_2025-09-01.csv,1,237,1.0,2024-01-01,25000.0,Table Bay Retreat,South Africa,Western Cape,42.0,active,,True,25000.0
B1238,P005,2025-05-09,2025-05-13,1.0,3200,USD,12800.0,ota,confirmed,2025-05-01 00:00:00,2025-05-01 00:00:00,bookings_batch1_2025-09-01.csv,1,238,18.5,2025-01-01,236800.0,Zanzibar Beach Villas,Tanzania,Zanzibar,24.0,active,,True,236800.0
B1239,P003,2025-02-22,2025-02-27,6.0,7800,GBP,39000.0,travel_agent,pending,2024-12-31 00:00:00,2024-12-31 00:00:00,bookings_batch1_2025-09-01.csv,1,239,22.5,2024-01-01,877500.0,Serengeti Plains Camp,Tanzania,Serengeti,12.0,active,,False,0.0
B1240,P006,2025-05-10,2025-05-14,1.0,2500,USD,10000.0,direct,pending,2025-02-22 00:00:00,2025-02-22 00:00:00,bookings_batch1_2025-09-01.csv,1,240,18.5,2025-01-01,185000.0,Victoria Falls Lodge,Zimbabwe,Matabeleland,30.0,active,,False,0.0
B1241,P005,2025-10-25,2025-10-27,2.0,9200,EUR,18400.0,website,confirmed,2025-09-30 00:00:00,2025-09-30 00:00:00,bookings_batch1_2025-09-01.csv,1,241,20.8,2025-07-01,382720.0,Zanzibar Beach Villas,Tanzania,Zanzibar,24.0,active,,True,382720.0
B1242,P008,2025-09-03,2025-09-07,2.0,9200,GBP,36800.0,website,confirmed,2025-08-29 00:00:00,2025-08-29 00:00:00,bookings_batch1_2025-09-01.csv,1,242,24.1,2025-07-01,886880.0,Kruger Gateway Hotel,South Africa,Mpumalanga,60.0,active,,True,886880.0
B1243,P009,2025-08-04,2025-08-10,1.0,5500,USD,33000.0,ota,confirmed,2025-05-06 00:00:00,2025-05-06 00:00:00,bookings_batch1_2025-09-01.csv,1,243,18.5,2025-01-01,610500.0,Cape Winelands Manor,South Africa,Western Cape,15.0,renovation,,True,610500.0
B1244,P006,2025-10-18,2025-10-22,4.0,2500,GBP,10000.0,website,cancelled,2025-08-08 00:00:00,2025-08-08 00:00:00,bookings_batch1_2025-09-01.csv,1,244,24.1,2025-07-01,241000.0,Victoria Falls Lodge,Zimbabwe,Matabeleland,30.0,active,,False,0.0
B1245,P010,2025-02-11,2025-02-12,6.0,9200,GBP,9200.0,website,confirmed,2024-11-21 00:00:00,2024-11-21 00:00:00,bookings_batch1_2025-09-01.csv,1,245,22.5,2024-01-01,207000.0,Maasai Mara Tented Camp,Kenya,Rift Valley,14.0,active,,True,207000.0
B1246,P005,2025-06-25,2025-07-04,6.0,2500,EUR,22500.0,direct,confirmed,2025-05-23 00:00:00,2025-05-23 00:00:00,bookings_batch1_2025-09-01.csv,1,246,20.1,2025-01-01,452250.00000000006,Zanzibar Beach Villas,Tanzania,Zanzibar,24.0,active,,True,452250.00000000006
B1247,P010,2025-08-02,2025-08-08,5.0,3200,ZAR,19200.0,direct,pending,2025-06-08 00:00:00,2025-06-08 00:00:00,bookings_batch1_2025-09-01.csv,1,247,1.0,2024-01-01,19200.0,Maasai Mara Tented Camp,Kenya,Rift Valley,14.0,active,,False,0.0
B1248,P009,2025-02-27,2025-03-03,3.0,9200,USD,36800.0,travel_agent,confirmed,2025-01-29 00:00:00,2025-01-29 00:00:00,bookings_batch1_2025-09-01.csv,1,248,18.5,2025-01-01,680800.0,Cape Winelands Manor,South Africa,Western Cape,15.0,renovation,,True,680800.0
B1249,P004,2025-10-05,2025-10-15,6.0,2500,USD,25000.0,website,confirmed,2025-08-09 00:00:00,2025-08-09 00:00:00,bookings_batch1_2025-09-01.csv,1,249,19.0,2025-07-01,475000.0,Okavango Delta Camp,Botswana,North-West,9.0,active,,True,475000.0
B1250,P002,2025-08-24,2025-08-31,5.0,3200,EUR,22400.0,direct,pending,2025-06-08 00:00:00,2025-06-08 00:00:00,bookings_batch1_2025-09-01.csv,1,250,20.1,2025-01-01,450240.00000000006,Table Bay Retreat,South Africa,Western Cape,42.0,active,,False,0.0
B1251,P007,2025-05-02,2025-05-03,3.0,2500,USD,2500.0,website,confirmed,2025-02-10 00:00:00,2025-02-10 00:00:00,bookings_batch1_2025-09-01.csv,1,251,18.5,2025-01-01,46250.0,Namib Desert Camp,Namibia,Erongo,10.0,active,,True,46250.0
B1252,P002,2025-04-14,2025-04-24,1.0,9200,GBP,92000.0,travel_agent,confirmed,2025-03-19 00:00:00,2025-03-19 00:00:00,bookings_batch1_2025-09-01.csv,1,252,23.4,2025-01-01,2152800.0,Table Bay Retreat,South Africa,Western Cape,42.0,active,,True,2152800.0
B1253,P002,2025-05-03,2025-05-09,5.0,9200,GBP,55200.0,travel_agent,confirmed,2025-02-25 00:00:00,2025-02-25 00:00:00,bookings_batch1_2025-09-01.csv,1,253,23.4,2025-01-01,1291680.0,Table Bay Retreat,South Africa,Western Cape,42.0,active,,True,1291680.0
B1254,P002,2025-01-18,2025-01-22,3.0,4100,EUR,16400.0,website,cancelled,2024-11-17 00:00:00,2024-11-17 00:00:00,bookings_batch1_2025-09-01.csv,1,254,19.5,2024-01-01,319800.0,Table Bay Retreat,South Africa,Western Cape,42.0,active,,False,0.0
B1255,P005,2025-04-05,2025-04-08,5.0,4100,ZAR,12300.0,travel_agent,confirmed,2025-03-13 00:00:00,2025-03-13 00:00:00,bookings_batch1_2025-09-01.csv,1,255,1.0,2024-01-01,12300.0,Zanzibar Beach Villas,Tanzania,Zanzibar,24.0,active,,True,12300.0
B1301,P005,2025-07-27,2025-07-28,1.0,4100,EUR,4100.0,website,confirmed,2025-05-21 00:00:00,2025-05-21 00:00:00,bookings_batch2_2025-09-02.csv,2,1,20.1,2025-01-01,82410.0,Zanzibar Beach Villas,Tanzania,Zanzibar,24.0,active,,True,82410.0
B1302,P010,2025-09-13,2025-09-23,4.0,12000,ZAR,120000.0,website,confirmed,2025-08-19 00:00:00,2025-08-19 00:00:00,bookings_batch2_2025-09-02.csv,2,2,1.0,2024-01-01,120000.0,Maasai Mara Tented Camp,Kenya,Rift Valley,14.0,active,,True,120000.0
B1303,P006,2025-07-13,2025-07-22,2.0,4100,EUR,36900.0,direct,confirmed,2025-04-24 00:00:00,2025-04-24 00:00:00,bookings_batch2_2025-09-02.csv,2,3,20.1,2025-01-01,741690.0,Victoria Falls Lodge,Zimbabwe,Matabeleland,30.0,active,,True,741690.0
B1304,P008,2025-07-13,2025-07-23,4.0,5500,GBP,55000.0,travel_agent,confirmed,2025-05-29 00:00:00,2025-05-29 00:00:00,bookings_batch2_2025-09-02.csv,2,4,23.4,2025-01-01,1287000.0,Kruger Gateway Hotel,South Africa,Mpumalanga,60.0,active,,True,1287000.0
B1305,P001,2025-07-02,2025-07-10,5.0,2500,EUR,20000.0,travel_agent,confirmed,2025-04-03 00:00:00,2025-04-03 00:00:00,bookings_batch2_2025-09-02.csv,2,5,20.1,2025-01-01,402000.0,Sabi Sands Bush Lodge,South Africa,Mpumalanga,18.0,active,,True,402000.0
B1306,P005,2025-07-16,2025-07-26,5.0,7800,EUR,78000.0,direct,confirmed,2025-07-07 00:00:00,2025-07-07 00:00:00,bookings_batch2_2025-09-02.csv,2,6,20.8,2025-07-01,1622400.0,Zanzibar Beach Villas,Tanzania,Zanzibar,24.0,active,,True,1622400.0
B1307,P002,2025-07-17,2025-07-22,2.0,12000,EUR,60000.0,travel_agent,confirmed,2025-07-03 00:00:00,2025-07-03 00:00:00,bookings_batch2_2025-09-02.csv,2,7,20.8,2025-07-01,1248000.0,Table Bay Retreat,South Africa,Western Cape,42.0,active,,True,1248000.0
B1308,P004,2025-07-15,2025-07-24,6.0,5500,GBP,49500.0,travel_agent,confirmed,2025-07-03 00:00:00,2025-07-03 00:00:00,bookings_batch2_2025-09-02.csv,2,8,24.1,2025-07-01,1192950.0,Okavango Delta Camp,Botswana,North-West,9.0,active,,True,1192950.0
B1309,P004,2025-09-12,2025-09-16,3.0,3200,EUR,12800.0,website,confirmed,2025-08-12 00:00:00,2025-08-12 00:00:00,bookings_batch2_2025-09-02.csv,2,9,20.8,2025-07-01,266240.0,Okavango Delta Camp,Botswana,North-West,9.0,active,,True,266240.0
B1310,P005,2025-09-27,2025-09-30,5.0,2500,EUR,7500.0,travel_agent,confirmed,2025-08-15 00:00:00,2025-08-15 00:00:00,bookings_batch2_2025-09-02.csv,2,10,20.8,2025-07-01,156000.0,Zanzibar Beach Villas,Tanzania,Zanzibar,24.0,active,,True,156000.0
B1311,P006,2025-06-10,2025-06-14,5.0,2500,EUR,10000.0,travel_agent,confirmed,2025-04-28 00:00:00,2025-04-28 00:00:00,bookings_batch2_2025-09-02.csv,2,11,20.1,2025-01-01,201000.0,Victoria Falls Lodge,Zimbabwe,Matabeleland,30.0,active,,True,201000.0
B1312,P007,2025-09-01,2025-09-03,4.0,4100,EUR,8200.0,direct,confirmed,2025-07-23 00:00:00,2025-07-23 00:00:00,bookings_batch2_2025-09-02.csv,2,12,20.8,2025-07-01,170560.0,Namib Desert Camp,Namibia,Erongo,10.0,active,,True,170560.0
B1313,P001,2025-06-28,2025-06-29,4.0,5500,EUR,5500.0,direct,confirmed,2025-04-07 00:00:00,2025-04-07 00:00:00,bookings_batch2_2025-09-02.csv,2,13,20.1,2025-01-01,110550.00000000001,Sabi Sands Bush Lodge,South Africa,Mpumalanga,18.0,active,,True,110550.00000000001
B1314,P003,2025-08-16,2025-08-17,1.0,2500,GBP,2500.0,ota,confirmed,2025-07-25 00:00:00,2025-07-25 00:00:00,bookings_batch2_2025-09-02.csv,2,14,24.1,2025-07-01,60250.0,Serengeti Plains Camp,Tanzania,Serengeti,12.0,active,,True,60250.0
B1315,P001,2025-08-21,2025-08-27,1.0,3200,GBP,19200.0,website,confirmed,2025-07-06 00:00:00,2025-07-06 00:00:00,bookings_batch2_2025-09-02.csv,2,15,24.1,2025-07-01,462720.0,Sabi Sands Bush Lodge,South Africa,Mpumalanga,18.0,active,,True,462720.0
B1316,P006,2025-06-23,2025-06-24,4.0,12000,USD,12000.0,travel_agent,confirmed,2025-06-07 00:00:00,2025-06-07 00:00:00,bookings_batch2_2025-09-02.csv,2,16,18.5,2025-01-01,222000.0,Victoria Falls Lodge,Zimbabwe,Matabeleland,30.0,active,,True,222000.0
B1317,P008,2025-09-20,2025-09-21,1.0,4100,GBP,4100.0,travel_agent,confirmed,2025-09-08 00:00:00,2025-09-08 00:00:00,bookings_batch2_2025-09-02.csv,2,17,24.1,2025-07-01,98810.0,Kruger Gateway Hotel,South Africa,Mpumalanga,60.0,active,,True,98810.0
B1318,P004,2025-06-19,2025-06-28,1.0,4100,GBP,36900.0,ota,confirmed,2025-04-21 00:00:00,2025-04-21 00:00:00,bookings_batch2_2025-09-02.csv,2,18,23.4,2025-01-01,863460.0,Okavango Delta Camp,Botswana,North-West,9.0,active,,True,863460.0
B1319,P010,2025-03-07,2025-03-10,2.0,5500,EUR,11000.0,ota,pending,2025-02-20 09:00:00,2025-02-20 09:00:00,bookings_batch2_2025-09-02.csv,2,39,20.1,2025-01-01,221100.00000000003,Maasai Mara Tented Camp,Kenya,Rift Valley,14.0,active,,False,0.0
B9008,P007,2025-12-01,2025-12-06,3.0,7800,USD,39000.0,direct,confirmed,2025-11-01 09:15:00,2025-11-01 09:15:00,bookings_batch1_2025-09-01.csv,1,265,19.0,2025-07-01,741000.0,Namib Desert Camp,Namibia,Erongo,10.0,active,,True,741000.0
