revenue_month,revenue_zar,prior_month_revenue_zar,mom_growth_pct
2025-01,8501500.0,,
2025-02,10352950.0,8501500.0,21.777921543257072
2025-03,7853600.0,10352950.0,-24.141428288555435
2025-04,8122270.0,7853600.0,3.4209789141285523
2025-05,14512150.0,8122270.0,78.67111041617676
2025-06,12092570.0,14512150.0,-16.67278797421471
2025-07,17788460.0,12092570.0,47.102394280124074
2025-08,13415860.0,17788460.0,-24.581104828636093
2025-09,15065020.0,13415860.0,12.292614860322036
2025-10,9724670.0,15065020.0,-35.44867514281428
2025-11,0.0,9724670.0,-100.0
2025-12,741000.0,0.0,
