booking_id,property_id,check_in,check_out,num_guests,room_rate,currency,revenue,booking_channel,booking_status,created_at,updated_at
B1301,P005,27 Jul 2025,28 Jul 2025,1,4100,EUR,"4,100.00",Website,confirmed,2025-05-21 00:00:00,2025-05-21 00:00:00
B1302,P010,13/09/2025,23/09/2025,4,12000,R,120000,Website,confirmed,2025-08-19 00:00:00,2025-08-19 00:00:00
B1303,P006,13 Jul 2025,22 Jul 2025,2,4100,EUR,36900,direct ,confirmed,2025-04-24 00:00:00,2025-04-24 00:00:00
B1304,P008,2025-07-13,2025-07-23,4,5500,gbp,55000,Travel  Agent,confirmed,2025-05-29 00:00:00,2025-05-29 00:00:00
B1305,P001,2025-07-02,2025-07-10,5,2500,eur,"20,000.00",travel agent,confirmed,2025-04-03 00:00:00,2025-04-03 00:00:00
B1306,P005,16 Jul 2025,26 Jul 2025,5,7800,eur,78000,direct ,confirmed,2025-07-07 00:00:00,2025-07-07 00:00:00
B1307,P002,2025-07-17,2025-07-22,2,12000,eur,60000,Travel  Agent,confirmed,2025-07-03 00:00:00,2025-07-03 00:00:00
B1308,P004,2025-07-15,2025-07-24,6,5500,£,49500,travel agent,confirmed,2025-07-03 00:00:00,2025-07-03 00:00:00
B1309,P004,2025-09-12,2025-09-16,3,3200,eur,12800,website,confirmed,2025-08-12 00:00:00,2025-08-12 00:00:00
B1310,P005,2025-09-27,2025-09-30,5,2500,€,7500,Travel  Agent,confirmed,2025-08-15 00:00:00,2025-08-15 00:00:00
B1311,P006,10 Jun 2025,14 Jun 2025,5,2500,eur,10000,travel agent,confirmed,2025-04-28 00:00:00,2025-04-28 00:00:00
B1312,P007,2025-09-01,2025-09-03,4,4100,€,8200,direct ,confirmed,2025-07-23 00:00:00,2025-07-23 00:00:00
B1313,P001,2025-06-28,2025-06-29,4,5500,EUR,5500,direct ,confirmed,2025-04-07 00:00:00,2025-04-07 00:00:00
B1314,P003,2025-08-16,2025-08-17,1,2500,£,2500,ota,confirmed,2025-07-25 00:00:00,2025-07-25 00:00:00
B1315,P001,2025-08-21,2025-08-27,1,3200,£,19200,website,confirmed,2025-07-06 00:00:00,2025-07-06 00:00:00
B1316,P006,23 Jun 2025,24 Jun 2025,4,12000,$,12000,travel agent,confirmed,2025-06-07 00:00:00,2025-06-07 00:00:00
B1317,P008,20/09/2025,21/09/2025,1,4100,GBP,"4,100.00",Travel Agent,confirmed,2025-09-08 00:00:00,2025-09-08 00:00:00
B1318,P004,2025-06-19,2025-06-28,1,4100,£,36900,O.T.A,confirmed,2025-04-21 00:00:00,2025-04-21 00:00:00
B1059,P007,2025-06-25,2025-06-30,3,4100,£,20500,travel agent,confirmed,2025-04-30 00:00:00,2025-05-15 00:00:00
B1190,P006,2025-07-25,2025-08-03,1,4100,€,"36,900.00",WEBSITE ,confirmed,2025-06-05 00:00:00,2025-06-17 00:00:00
B1159,P006,2025-05-30,2025-06-04,1,7800,gbp,39000,O.T.A,confirmed,2025-03-09 00:00:00,2025-03-14 00:00:00
B1067,P009,2025-10-26,2025-10-30,1,4100,eur,16400,DIRECT,confirmed,2025-08-06 00:00:00,2025-08-07 00:00:00
B1209,P007,4 Apr 2025,5 Apr 2025,6,7800,USD,7800, Direct,cancelled,2025-02-13 00:00:00,2025-02-25 00:00:00
B1183,P003,2025-05-17,2025-05-21,1,7800,£,31200,Travel  Agent,confirmed,2025-05-08 00:00:00,2025-05-16 00:00:00
B1123,P009,2025-02-23,2025-03-01,3,2500,ZAR,15000,WEBSITE ,cancelled,2024-12-30 00:00:00,2024-12-31 00:00:00
B1196,P008,2025-10-08,2025-10-13,5,5500,ZAR,30250,ota,confirmed,2025-08-25 00:00:00,2025-08-29 00:00:00
B1009,P001,2025-08-25,2025-08-31,2,7800,usd,46800,ota,cancelled,2025-06-18 00:00:00,2025-07-06 00:00:00
B1199,P006,2025-02-25,2025-03-06,2,9200,€,82800,Travel Agent,confirmed,2024-12-29 00:00:00,2025-01-07 00:00:00
B1166,P002,21 Mar 2025,27 Mar 2025,5,2500,GBP,15000,Direct,cancelled,2025-02-09 00:00:00,2025-02-14 00:00:00
B1080,P006,2025-08-24,2025-08-30,5,2500,EUR,13500,ota,confirmed,2025-06-30 00:00:00,2025-07-06 00:00:00
B1167,P008,2025-10-28,2025-11-07,4,4100,£,41000,WEBSITE ,cancelled,2025-08-30 00:00:00,2025-09-07 00:00:00
B1198,P005,2025-01-30,2025-01-31,2,7800,USD,7800,WEBSITE ,confirmed,2024-11-09 00:00:00,2024-11-16 00:00:00
B1141,P005,21/02/2025,03/03/2025,2,12000,EUR,120000,Travel Agent,confirmed,2025-01-24 00:00:00,2025-02-06 00:00:00
B1083,P005,2025-05-14,2025-05-18,4,3200,€,"12,800.00",ota,confirmed,2025-04-08 00:00:00,2025-04-08 00:00:00
B1203,P009,2025-06-05,2025-06-08,4,7800,zar,23400,DIRECT,confirmed,2025-03-18 00:00:00,2025-03-18 00:00:00
B1232,P001,2025-03-28,2025-04-03,3,5500,$,33000,OTA,confirmed,2025-02-26 00:00:00,2025-02-26 00:00:00
B1007,P008,2025-08-04,2025-08-05,6,2500,gbp,"2,500.00",WEBSITE ,confirmed,2025-06-17 00:00:00,2025-06-17 00:00:00
B1028,P009,2025-08-20,2025-08-29,1,12000,US$,108000,O.T.A,confirmed,2025-06-20 00:00:00,2025-06-20 00:00:00
B1319,P010,07/03/2025,10/03/2025,2,5500,eur,11000,ota,pending,2025-02-20 09:00:00,2025-02-20 09:00:00
B1059,P007,2025-06-25,2025-06-30,3,4100,£,41000,travel agent,confirmed,2025-04-30 00:00:00,2025-03-31 00:00:00
