booking_id,action,incoming_updated_at,existing_updated_at
B1301,inserted,2025-05-21 00:00:00,
B1302,inserted,2025-08-19 00:00:00,
B1303,inserted,2025-04-24 00:00:00,
B1304,inserted,2025-05-29 00:00:00,
B1305,inserted,2025-04-03 00:00:00,
B1306,inserted,2025-07-07 00:00:00,
B1307,inserted,2025-07-03 00:00:00,
B1308,inserted,2025-07-03 00:00:00,
B1309,inserted,2025-08-12 00:00:00,
B1310,inserted,2025-08-15 00:00:00,
B1311,inserted,2025-04-28 00:00:00,
B1312,inserted,2025-07-23 00:00:00,
B1313,inserted,2025-04-07 00:00:00,
B1314,inserted,2025-07-25 00:00:00,
B1315,inserted,2025-07-06 00:00:00,
B1316,inserted,2025-06-07 00:00:00,
B1317,inserted,2025-09-08 00:00:00,
B1318,inserted,2025-04-21 00:00:00,
B1059,updated,2025-05-15 00:00:00,2025-04-30
B1190,updated,2025-06-17 00:00:00,2025-06-05
B1159,updated,2025-03-14 00:00:00,2025-03-09
B1067,updated,2025-08-07 00:00:00,2025-08-06
B1209,updated,2025-02-25 00:00:00,2025-02-13
B1183,updated,2025-05-16 00:00:00,2025-05-08
B1123,updated,2024-12-31 00:00:00,2024-12-30
B1196,updated,2025-08-29 00:00:00,2025-08-25
B1009,updated,2025-07-06 00:00:00,2025-06-18
B1199,updated,2025-01-07 00:00:00,2024-12-29
B1166,updated,2025-02-14 00:00:00,2025-02-09
B1080,updated,2025-07-06 00:00:00,2025-06-30
B1167,updated,2025-09-07 00:00:00,2025-08-30
B1198,updated,2024-11-16 00:00:00,2024-11-09
B1141,updated,2025-02-06 00:00:00,2025-01-24
B1083,unchanged,2025-04-08 00:00:00,2025-04-08
B1203,unchanged,2025-03-18 00:00:00,2025-03-18
B1232,unchanged,2025-02-26 00:00:00,2025-02-26
B1007,unchanged,2025-06-17 00:00:00,2025-06-17
B1028,unchanged,2025-06-20 00:00:00,2025-06-20
B1319,inserted,2025-02-20 09:00:00,
B1059,stale_ignored,2025-03-31 00:00:00,2025-04-30
